1685174276.011,2023-05-27 07:57:56.011,1,92.97,-0.06250000005822187,0,7.944620333966243,525478141163,1,null_state
1685174276.628,2023-05-27 07:57:56.628,1,91.21,1.5625000014551773,0,7.918782307435708,525484147133,1,null_state
1685174277.24,2023-05-27 07:57:57.240,1,69.92,1.5625000014551773,0,7.918782307435708,525490299619,1,null_state
1685174277.85,2023-05-27 07:57:57.850,1,70.08,1.0000000009313226,0,7.928093747185391,525496005997,1,null_state
1685174278.458,2023-05-27 07:57:58.458,1,87.01,1.6250000000582077,0,7.928678759106838,525502001420,1,null_state
1685174279.072,2023-05-27 07:57:59.072,1,64.94,1.6250000000582077,0,7.928678759106838,525507836609,1,null_state
1685174279.68,2023-05-27 07:57:59.680,1,65.46,0.3124999988358468,0,7.958014669417684,525513663822,1,null_state
1685174280.293,2023-05-27 07:58:00.293,1,92.75,0.3124999988358468,0,7.956564327362433,525519455651,1,null_state
1685174280.902,2023-05-27 07:58:00.902,1,86.11,1.3750000012805828,0,7.956564327362433,525525142312,1,null_state
1685174281.51,2023-05-27 07:58:01.510,1,63.6,1.1874999981955767,0,7.967984247578995,525531120540,1,null_state
1685174282.12,2023-05-27 07:58:02.120,1,92.19,1.1874999981955767,0,7.967984247578995,525536826553,1,null_state
1685174282.728,2023-05-27 07:58:02.728,1,84.55,0.6250000005820766,0,7.970263356522962,525542928412,1,null_state
1685174283.335,2023-05-27 07:58:03.335,1,72.18,1.3125000012223609,0,7.991238471456476,525548599472,1,null_state
1685174283.943,2023-05-27 07:58:03.943,1,73.5,1.3125000012223609,0,7.991238471456476,525554729728,1,null_state
1685174284.552,2023-05-27 07:58:04.552,1,88.08,0.12500000011641532,0,7.973285918117099,525560356846,1,null_state
1685174285.16,2023-05-27 07:58:05.160,1,67.83,0.12500000011641532,0,7.973285918117099,525566482346,1,null_state
1685174285.768,2023-05-27 07:58:05.768,1,68.68,0.9999999994761453,0,7.960196276374744,525572704471,1,null_state
1685174286.4,2023-05-27 07:58:06.400,1,87.41,1.7500000016298145,0,7.913517200142694,525578381166,1,null_state
1685174287.008,2023-05-27 07:58:07.008,1,81.65,1.7500000016298145,0,7.913517200142694,525584648304,1,null_state
1685174287.617,2023-05-27 07:58:07.617,1,63.57,1.0624999995343245,0,7.931798822687884,525590318232,1,null_state
1685174288.228,2023-05-27 07:58:08.228,1,96.64,1.0624999995343245,0,7.931798822687884,525596294887,1,null_state
1685174288.835,2023-05-27 07:58:08.835,1,89.47,0.3125000002910241,0,7.953395512787933,525602018752,1,null_state
1685174289.443,2023-05-27 07:58:09.443,1,64.19,1.6250000000582077,0,7.97593065951197,525608210555,1,null_state
1685174290.051,2023-05-27 07:58:10.051,1,100.35,1.6250000000582077,0,7.97593065951197,525614084455,1,null_state
1685174290.66,2023-05-27 07:58:10.660,1,81.77,0.25000000023281643,0,7.9603790926001965,525619513792,1,null_state
1685174291.268,2023-05-27 07:58:11.268,1,70.8,0.25000000023281643,0,7.949215115099268,525625200146,1,null_state
1685174291.876,2023-05-27 07:58:11.876,1,63.7,3.062499998486601,0,7.949215115099268,525630886617,1,null_state
1685174292.484,2023-05-27 07:58:12.484,1,91.1,1.0624999995343387,0,7.952237676693405,525636789120,1,null_state
1685174293.093,2023-05-27 07:58:13.093,1,88.54,1.0624999995343387,0,7.952237676693405,525642210953,1,null_state
1685174293.7,2023-05-27 07:58:13.700,1,64.04,0.6875000006402843,0,7.959026252531852,525648404204,1,null_state
1685174294.31,2023-05-27 07:58:14.310,1,68.97,0.6875000006402843,0,7.951750166758867,525654215117,1,null_state
1685174294.917,2023-05-27 07:58:14.917,1,84.15,0.9999999994761595,0,7.951750166758867,525659905768,1,null_state
1685174295.525,2023-05-27 07:58:15.525,1,86.08,0.9999999994761168,0,7.972457151228385,525666175396,1,null_state
1685174296.134,2023-05-27 07:58:16.134,1,68.16,0.9999999994761168,0,7.972457151228385,525671743565,1,null_state
1685174296.742,2023-05-27 07:58:16.742,1,59.24,1.5624999985448085,0,7.974321876727994,525677805383,1,null_state
1685174297.351,2023-05-27 07:58:17.351,1,92.76,0.6874999991850927,0,7.992603499273184,525683433256,1,null_state
1685174297.961,2023-05-27 07:58:17.961,1,63.03,0.6874999991850927,0,7.992603499273184,525689347852,1,null_state
1685174298.571,2023-05-27 07:58:18.571,1,63.41,1.1250000010477237,0,7.994041653580072,525695559309,1,null_state
1685174299.188,2023-05-27 07:58:19.188,1,94.87,1.1250000010477237,0,7.994041653580072,525701234714,1,null_state
1685174299.795,2023-05-27 07:58:19.795,1,78.82,1.249999998253756,0,7.971738074074941,525707373687,1,null_state
1685174300.403,2023-05-27 07:58:20.403,1,64.32,0.8125000007566854,0,7.989641876420863,525713199954,1,null_state
1685174301.011,2023-05-27 07:58:21.011,1,88.95,0.8125000007566854,0,7.989641876420863,525719107059,1,null_state
1685174301.621,2023-05-27 07:58:21.621,1,79.28,0.9374999994179376,0,7.988423101584517,525724677077,1,null_state
1685174302.232,2023-05-27 07:58:22.232,1,71.63,0.9374999994179376,0,7.988423101584517,525730860882,1,null_state
1685174302.842,2023-05-27 07:58:22.842,1,55.39,0.6874999991850785,0,7.970580237980412,525736754609,1,null_state
1685174303.455,2023-05-27 07:58:23.455,1,84.73,1.0625000009895302,0,7.95658870285916,525742592926,1,null_state
1685174304.063,2023-05-27 07:58:24.063,1,75.19,1.0625000009895302,0,7.95658870285916,525748621077,1,null_state
1685174304.672,2023-05-27 07:58:24.672,1,58.07,0.18750000017462298,0,7.970482735993505,525754281106,1,null_state
1685174305.281,2023-05-27 07:58:25.281,1,100.32,0.18750000017462298,0,7.957844040940596,525760258744,1,null_state
1685174305.892,2023-05-27 07:58:25.892,1,79.32,1.7500000016298145,0,7.957844040940596,525765929196,1,null_state
1685174306.52,2023-05-27 07:58:26.520,1,65.33,0.7499999992433004,0,7.944157199528432,525772110293,1,null_state
1685174307.128,2023-05-27 07:58:27.128,1,77.21,0.7499999992433004,0,7.944157199528432,525778321234,1,null_state
1685174307.74,2023-05-27 07:58:27.740,1,82.91,2.1249999990686774,0,7.985120221778019,525784174472,1,null_state
1685174308.348,2023-05-27 07:58:28.348,1,81.24,1.1875000011059313,0,7.9845595853533,525790324256,1,null_state
1685174308.955,2023-05-27 07:58:28.955,1,58.43,1.1875000011059313,0,7.9845595853533,525795968521,1,null_state
1685174309.566,2023-05-27 07:58:29.566,1,81.47,0.6875000006402985,0,7.935430771700195,525801952862,1,null_state
1685174310.175,2023-05-27 07:58:30.175,1,83.12,0.6875000006402985,0,7.935430771700195,525807441697,1,null_state
1685174310.782,2023-05-27 07:58:30.782,1,56.47,0.37499999889405444,0,7.938611774023058,525813410084,1,null_state
1685174311.392,2023-05-27 07:58:31.392,1,91.06,1.3125000012223467,0,7.942499665751002,525819497388,1,null_state
1685174312.002,2023-05-27 07:58:32.002,1,82.87,1.3125000012223467,0,7.942499665751002,525825305592,1,null_state
1685174312.613,2023-05-27 07:58:32.613,1,59.24,1.062500000989516,0,7.962451009821985,525831396021,1,null_state
1685174313.222,2023-05-27 07:58:33.222,1,104.99,1.062500000989516,0,7.962451009821985,525837083648,1,null_state
1685174313.83,2023-05-27 07:58:33.830,1,81.34,0.8749999993597157,0,7.949995130994529,525843188447,1,null_state
1685174314.441,2023-05-27 07:58:34.441,1,79.27,1.1249999995925606,0,7.938136451836883,525848673992,1,null_state
1685174315.049,2023-05-27 07:58:35.049,1,59.72,1.1249999995925606,0,7.938136451836883,525854747277,1,null_state
1685174315.657,2023-05-27 07:58:35.657,1,83.99,0.8750000008149073,0,7.947399140593111,525860752206,1,null_state
1685174316.264,2023-05-27 07:58:36.264,1,105.18,0.8750000008149073,0,7.892907717660084,525866443514,1,null_state
1685174316.873,2023-05-27 07:58:36.873,1,103.75,0.6249999991268851,0,7.892907717660084,525872656744,1,null_state
1685174317.482,2023-05-27 07:58:37.482,1,97.86,1.7500000016298287,0,7.910701830270734,525878017810,1,null_state
1685174318.089,2023-05-27 07:58:38.089,1,84.15,1.7500000016298287,0,7.910701830270734,525884196650,1,null_state
1685174318.698,2023-05-27 07:58:38.698,1,59.56,1.0624999980791472,0,7.903803564697016,525890032532,1,null_state
1685174319.307,2023-05-27 07:58:39.307,1,69.79,1.0624999980791472,0,7.925851201486515,525895935198,1,null_state
1685174319.914,2023-05-27 07:58:39.914,1,89.37,0.12500000302678416,0,7.925851201486515,525901909157,1,null_state
1685174320.523,2023-05-27 07:58:40.523,1,89.05,1.374999996914994,0,7.928240000165754,525907535403,1,null_state
1685174321.132,2023-05-27 07:58:41.132,1,60.45,1.374999996914994,0,7.928240000165754,525913500702,1,null_state
1685174321.739,2023-05-27 07:58:41.739,1,58.87,1.125000001047738,0,7.925851201486515,525919373855,1,null_state
1685174322.351,2023-05-27 07:58:42.351,1,95.39,0.5000000004656471,0,7.9331272872595004,525925504177,1,null_state
1685174322.972,2023-05-27 07:58:42.972,1,74.68,0.5000000004656471,0,7.9331272872595004,525931081226,1,null_state
1685174323.58,2023-05-27 07:58:43.580,1,62.75,0.5000000004656471,0,7.950251073710161,525937332847,1,null_state
1685174324.187,2023-05-27 07:58:44.187,1,95.92,0.5000000004656471,0,7.950251073710161,525943253923,1,null_state
1685174324.795,2023-05-27 07:58:44.795,1,76.69,1.5624999985448085,0,7.944730023701514,525949020886,1,null_state
1685174325.403,2023-05-27 07:58:45.403,1,65.87,0.4374999989522621,0,7.929824407453003,525955051667,1,null_state
1685174326.011,2023-05-27 07:58:46.011,1,63.18,0.4374999989522621,0,7.929824407453003,525960767497,1,null_state
1685174326.619,2023-05-27 07:58:46.619,1,95.44,1.6875000015716068,0,7.957393094251149,525966955677,1,null_state
1685174327.228,2023-05-27 07:58:47.228,1,70.9,1.6875000015716068,0,7.957393094251149,525972579306,1,null_state
1685174327.839,2023-05-27 07:58:47.839,1,60.02,2.2499999991850927,0,7.96814268830772,525978709096,1,null_state
1685174328.449,2023-05-27 07:58:48.449,1,88.35,0.25000000023283064,0,7.970531486986958,525984889843,1,null_state
1685174329.056,2023-05-27 07:58:49.056,1,81.92,0.25000000023283064,0,7.970531486986958,525990519722,1,null_state
1685174329.663,2023-05-27 07:58:49.663,1,65.27,1.499999998486615,0,7.974139060502543,525996403896,1,null_state
1685174330.273,2023-05-27 07:58:50.273,1,105.93,1.499999998486615,0,7.975272521100345,526002216982,1,null_state
1685174330.882,2023-05-27 07:58:50.882,1,81.27,1.0000000009313368,0,7.975272521100345,526008023497,1,null_state
1685174331.49,2023-05-27 07:58:51.490,1,63.32,0.8749999993597015,0,7.975796594279973,526013835209,1,null_state
1685174332.1,2023-05-27 07:58:52.100,1,55.83,0.8749999993597015,0,7.975796594279973,526020012854,1,null_state
1685174332.709,2023-05-27 07:58:52.709,1,93.78,0.562500000523869,0,7.972774032685835,526025895379,1,null_state
1685174333.32,2023-05-27 07:58:53.320,1,91.66,0.9375000008731149,0,7.977210373090133,526031580549,1,null_state
1685174333.931,2023-05-27 07:58:53.931,1,60.8,0.9375000008731149,0,7.977210373090133,526037614251,1,null_state
1685174334.539,2023-05-27 07:58:54.539,1,61.78,1.2499999997089617,0,7.977039744613046,526043278253,1,null_state
1685174335.146,2023-05-27 07:58:55.146,1,94.92,1.2499999997089617,0,7.977039744613046,526049492938,1,null_state
1685174335.754,2023-05-27 07:58:55.754,1,94.52,0.6875000006402843,0,7.972274335002933,526054922698,1,null_state
1685174336.363,2023-05-27 07:58:56.363,1,102.45,1.1875000011059456,0,7.9626216382990735,526061489362,1,null_state
1685174336.972,2023-05-27 07:58:56.972,1,90.82,1.1875000011059456,0,7.9626216382990735,526067399093,1,null_state
1685174337.58,2023-05-27 07:58:57.580,1,87.45,0.9999999994761168,0,7.971872139306939,526073047826,1,null_state
1685174338.187,2023-05-27 07:58:58.187,1,70.02,0.9999999994761168,0,7.971872139306939,526079213946,1,null_state
1685174338.796,2023-05-27 07:58:58.796,1,65.38,1.0625000009895444,0,7.991506601920473,526084868900,1,null_state
1685174339.407,2023-05-27 07:58:59.407,1,89.15,0.7500000006984777,0,7.996820460206941,526090860844,1,null_state
1685174340.016,2023-05-27 07:59:00.016,1,79.93,0.7500000006984777,0,7.996820460206941,526096625440,1,null_state
1685174340.624,2023-05-27 07:59:00.624,1,60.37,1.0624999980791472,0,7.976942242626138,526102668923,1,null_state
1685174341.231,2023-05-27 07:59:01.231,1,89.74,1.0624999980791472,0,7.976942242626138,526108677726,1,null_state
1685174341.84,2023-05-27 07:59:01.840,1,86.11,0.7500000006984777,0,7.976686299910505,526114225264,1,null_state
1685174342.449,2023-05-27 07:59:02.449,1,63.05,0.3125000017462156,0,7.968240190294627,526120216192,1,null_state
1685174343.059,2023-05-27 07:59:03.059,1,59.37,0.3125000017462156,0,7.968240190294627,526126001217,1,null_state
1685174343.669,2023-05-27 07:59:03.669,1,71.57,1.812499995867256,0,7.969032393938252,526131987643,1,null_state
1685174344.276,2023-05-27 07:59:04.276,1,69.36,1.812499995867256,0,7.973773428051638,526137418001,1,null_state
1685174344.887,2023-05-27 07:59:04.887,1,87.75,0.2499999987776249,0,7.973773428051638,526143531926,1,null_state
1685174345.495,2023-05-27 07:59:05.495,1,98.88,1.4375000013387762,0,7.973005599904741,526149151804,1,null_state
1685174346.103,2023-05-27 07:59:06.103,1,102.4,1.4375000013387762,0,7.973005599904741,526155150038,1,null_state
1685174346.714,2023-05-27 07:59:06.714,1,98.46,1.4375000013387762,0,7.966789848239377,526161394503,1,null_state
1685174347.323,2023-05-27 07:59:07.323,1,94.4,1.4375000013387762,0,7.9333954177234975,526166929424,1,null_state
1685174347.931,2023-05-27 07:59:07.931,1,83.62,1.4375000013387762,0,7.9333954177234975,526172992559,1,null_state
1685174348.542,2023-05-27 07:59:08.542,1,62.45,0.6250000005820766,0,7.9641329190961425,526178671621,1,null_state
1685174349.159,2023-05-27 07:59:09.159,1,66.35,0.6250000005820766,0,7.9641329190961425,526184578339,1,null_to_cold_process
1685174486.175,2023-05-27 08:01:26.175,0,67.33,0.7499999992433004,0,7.360303114176898,526716391552,1,warm_disk_state
1685174486.779,2023-05-27 08:01:26.779,0,60.54,1.5000000013969697,0,7.353039216152276,526717570223,1,warm_disk_state
1685174487.384,2023-05-27 08:01:27.384,0,92.59,1.0000000009313084,0,7.370126439357846,526719255540,1,warm_disk_state
1685174487.992,2023-05-27 08:01:27.992,0,79.16,1.0000000009313084,0,7.370126439357846,526720606506,1,warm_disk_state
1685174488.596,2023-05-27 08:01:28.596,0,66.31,1.0625000009895444,0,7.386653026138698,526722264300,1,warm_disk_state
1685174489.202,2023-05-27 08:01:29.202,0,62.08,1.0625000009895444,0,7.386653026138698,526723574402,1,warm_disk_state
1685174489.807,2023-05-27 08:01:29.807,0,77.65,0.49999999901046976,0,7.393258785751694,526725304201,1,warm_disk_state
1685174490.411,2023-05-27 08:01:30.411,0,69.99,0.9375000008731149,0,7.4097244337907275,526727000080,1,warm_disk_state
1685174491.015,2023-05-27 08:01:31.015,0,86.04,0.9375000008731149,0,7.4097244337907275,526728168949,1,warm_disk_state
1685174491.62,2023-05-27 08:01:31.620,0,87.57,1.750000000174623,0,7.388822445347394,526729852040,1,warm_disk_state
1685174492.224,2023-05-27 08:01:32.224,0,66.59,1.750000000174623,0,7.388822445347394,526731061488,1,warm_disk_state
1685174492.829,2023-05-27 08:01:32.829,0,58.78,0.7499999992433004,0,7.386665213887062,526732734239,1,warm_disk_state
1685174493.447,2023-05-27 08:01:33.447,0,89.56,0.12500000011642953,0,7.382338563218034,526733895640,1,warm_disk_state
1685174494.05,2023-05-27 08:01:34.050,0,65.62,0.12500000011642953,0,7.382338563218034,526735612505,1,warm_disk_state
1685174494.654,2023-05-27 08:01:34.654,0,57.45,1.750000000174623,0,7.373770576118521,526737094435,1,warm_disk_state
1685174495.259,2023-05-27 08:01:35.259,0,87.22,1.750000000174623,0,7.344519980046218,526738483851,1,warm_disk_state
1685174495.862,2023-05-27 08:01:35.862,0,59.74,0.8749999993597157,0,7.344519980046218,526740221268,1,warm_disk_state
1685174496.467,2023-05-27 08:01:36.467,0,68.37,1.2499999982537702,0,7.439474727545932,526741404857,1,warm_disk_state
1685174497.071,2023-05-27 08:01:37.071,0,94.8,1.2499999982537702,0,7.439474727545932,526743094361,1,warm_disk_state
1685174497.676,2023-05-27 08:01:37.676,0,81.19,0.8125000007566996,0,7.351284180387939,526744349203,1,warm_disk_state
1685174498.28,2023-05-27 08:01:38.280,0,65.53,0.8125000007566996,0,7.356451785694046,526746040805,1,warm_disk_state
1685174498.885,2023-05-27 08:01:38.885,0,90.49,1.0624999995343387,0,7.356451785694046,526747372508,1,warm_disk_state
1685174499.49,2023-05-27 08:01:39.490,0,90.5,1.2500000011641674,0,7.357646185033665,526749047974,1,warm_disk_state
1685174500.094,2023-05-27 08:01:40.094,0,64.91,1.2500000011641674,0,7.357646185033665,526750758974,1,warm_disk_state
1685174500.699,2023-05-27 08:01:40.699,0,55.68,0.6250000005820624,0,7.360034983712903,526751940968,1,warm_disk_state
1685174501.302,2023-05-27 08:01:41.302,0,88.22,0.6250000005820624,0,7.375379358902498,526753620023,1,warm_disk_state
1685174501.906,2023-05-27 08:01:41.906,0,65.14,0.9375000008731149,0,7.375379358902498,526754780580,1,warm_disk_state
1685174502.51,2023-05-27 08:01:42.510,0,68.58,0.999999999476131,0,7.385434251302353,526756504397,1,warm_disk_state
1685174503.114,2023-05-27 08:01:43.114,0,90.25,0.999999999476131,0,7.385434251302353,526757623230,1,warm_disk_state
1685174503.719,2023-05-27 08:01:43.719,0,87.19,0.12500000011642953,0,7.3863117691845215,526759302415,1,warm_disk_state
1685174504.322,2023-05-27 08:01:44.322,0,67.84,1.6875000001164153,0,7.390163097667375,526760517230,1,warm_disk_state
1685174504.926,2023-05-27 08:01:44.926,0,78.03,1.6875000001164153,0,7.390163097667375,526762176471,1,warm_disk_state
1685174505.53,2023-05-27 08:01:45.530,0,94.92,0.18750000017462298,0,7.389919342700106,526764027558,1,warm_disk_state
1685174506.135,2023-05-27 08:01:46.135,0,66.7,0.18750000017462298,0,7.389919342700106,526765290420,1,warm_disk_state
1685174506.74,2023-05-27 08:01:46.740,0,63.05,2.3749999978463165,0,7.350613854227948,526767089957,1,warm_disk_state
1685174507.344,2023-05-27 08:01:47.344,0,91.93,0.562500000523869,0,7.354440807214075,526768244212,1,warm_disk_state
1685174507.947,2023-05-27 08:01:47.947,0,81.81,0.562500000523869,0,7.354440807214075,526770013903,1,warm_disk_state
1685174508.551,2023-05-27 08:01:48.551,0,66.0,1.2500000011641532,0,7.345056240974211,526771268456,1,warm_disk_state
1685174509.155,2023-05-27 08:01:49.155,0,63.63,1.2500000011641532,0,7.345056240974211,526773063381,1,warm_disk_state
1685174509.76,2023-05-27 08:01:49.760,0,88.7,0.8749999993597157,0,7.340851467788817,526774713095,1,warm_disk_state
1685174510.364,2023-05-27 08:01:50.364,0,77.69,0.8749999979045242,0,7.333185374068201,526775964108,1,warm_disk_state
1685174510.969,2023-05-27 08:01:50.969,0,61.25,0.8749999979045242,0,7.333185374068201,526777647934,1,warm_disk_state
1685174511.573,2023-05-27 08:01:51.573,0,74.65,0.8749999993597157,0,7.330747824395509,526778776684,1,warm_disk_state
1685174512.178,2023-05-27 08:01:52.178,0,76.56,0.8749999993597157,0,7.330747824395509,526780432822,1,warm_disk_state
1685174512.782,2023-05-27 08:01:52.782,0,64.65,0.37499999889404023,0,7.322118898554179,526781623127,1,warm_disk_state
1685174513.386,2023-05-27 08:01:53.386,0,64.87,1.3124999997671694,0,7.331308460820228,526783310221,1,warm_disk_state
1685174513.991,2023-05-27 08:01:53.991,0,82.47,1.3124999997671694,0,7.331308460820228,526784447133,1,warm_disk_state
1685174514.595,2023-05-27 08:01:54.595,0,64.74,1.0000000009313226,0,7.3505407277377675,526786189074,1,warm_disk_state
1685174515.2,2023-05-27 08:01:55.200,0,62.15,1.0000000009313226,0,7.3505407277377675,526787849374,1,warm_disk_state
1685174515.804,2023-05-27 08:01:55.804,0,90.07,1.1250000010477237,0,7.346555334022916,526788978992,1,warm_disk_state
1685174516.408,2023-05-27 08:01:56.408,0,86.87,0.5625000005238547,0,7.315171881987008,526790738088,1,warm_disk_state
1685174517.013,2023-05-27 08:01:57.013,0,68.45,0.5625000005238547,0,7.315171881987008,526791893248,1,warm_disk_state
1685174517.617,2023-05-27 08:01:57.617,0,90.39,1.6250000000582219,0,7.319181651198586,526793513281,1,warm_disk_state
1685174518.221,2023-05-27 08:01:58.221,0,88.06,1.6250000000582219,0,7.319181651198586,526794770198,1,warm_disk_state
1685174518.825,2023-05-27 08:01:58.825,0,67.95,0.06250000005820766,0,7.33311224757802,526796643787,1,warm_disk_state
1685174519.429,2023-05-27 08:01:59.429,0,67.13,1.7500000001746372,0,7.333880075724918,526797799497,1,warm_disk_state
1685174520.034,2023-05-27 08:02:00.034,0,90.53,1.7500000001746372,0,7.333880075724918,526799438875,1,warm_disk_state
1685174520.638,2023-05-27 08:02:00.638,0,81.78,0.8749999993597015,0,7.322972040939622,526801163277,1,warm_disk_state
1685174521.245,2023-05-27 08:02:01.245,0,68.27,0.8749999993597015,0,7.322972040939622,526802338779,1,warm_disk_state
1685174521.849,2023-05-27 08:02:01.849,0,70.09,0.875000000814893,0,7.314209049866294,526804019092,1,warm_disk_state
1685174522.453,2023-05-27 08:02:02.453,0,89.19,0.25000000023284485,0,7.300717212427944,526805259872,1,warm_disk_state
1685174523.058,2023-05-27 08:02:03.058,0,63.74,0.25000000023284485,0,7.300717212427944,526806853870,1,warm_disk_state
1685174523.662,2023-05-27 08:02:03.662,0,61.08,0.8125000007567138,0,7.2950620971873,526808032830,1,warm_disk_state
1685174524.267,2023-05-27 08:02:04.267,0,92.4,0.8125000007567138,0,7.29893780116688,526809690191,1,warm_disk_state
1685174524.871,2023-05-27 08:02:04.871,0,82.46,1.6874999986612238,0,7.29893780116688,526811436028,1,warm_disk_state
1685174525.478,2023-05-27 08:02:05.478,0,68.25,1.0625000009895302,0,7.309078007805278,526812595788,1,warm_disk_state
1685174526.082,2023-05-27 08:02:06.082,0,96.04,1.0625000009895302,0,7.309078007805278,526814273489,1,warm_disk_state
1685174526.686,2023-05-27 08:02:06.686,0,81.05,1.4375000013387762,0,7.338816113812118,526815491367,1,warm_disk_state
1685174527.292,2023-05-27 08:02:07.292,0,67.19,1.4375000013387762,0,7.348919757205427,526817123457,1,warm_disk_state
1685174527.896,2023-05-27 08:02:07.896,0,58.32,0.18749999871943146,0,7.348919757205427,526818398488,1,warm_disk_state
1685174528.501,2023-05-27 08:02:08.501,0,90.15,1.6250000000582077,0,7.3506016664795855,526820040636,1,warm_disk_state
1685174529.104,2023-05-27 08:02:09.104,0,86.34,1.6250000000582077,0,7.3506016664795855,526821394708,1,warm_disk_state
1685174529.709,2023-05-27 08:02:09.709,0,58.76,1.1249999995925606,0,7.307262033299122,526823068473,1,warm_disk_state
1685174530.314,2023-05-27 08:02:10.314,0,64.97,1.0000000009313226,0,7.333404753538743,526824754896,1,warm_disk_state
1685174530.918,2023-05-27 08:02:10.918,0,93.71,1.0000000009313226,0,7.333404753538743,526825991343,1,warm_disk_state
1685174531.523,2023-05-27 08:02:11.523,0,100.14,0.7500000006984919,0,7.340242080370644,526827659591,1,warm_disk_state
1685174532.128,2023-05-27 08:02:12.128,0,107.86,0.7500000006984919,0,7.340242080370644,526828819348,1,warm_disk_state
1685174532.742,2023-05-27 08:02:12.742,0,88.52,1.3750000012805543,0,7.344739359516761,526830537904,1,warm_disk_state
1685174533.348,2023-05-27 08:02:13.348,0,88.59,1.6874999986612238,0,7.337036702551054,526831691731,1,warm_disk_state
1685174533.952,2023-05-27 08:02:13.952,0,64.41,1.6874999986612238,0,7.337036702551054,526833356453,1,warm_disk_state
1685174534.557,2023-05-27 08:02:14.557,0,66.54,-1.4551915228366852e-09,0,7.347810672104352,526835039851,1,warm_disk_state
1685174535.162,2023-05-27 08:02:15.162,0,88.43,-1.4551915228366852e-09,0,7.347810672104352,526836247680,1,warm_disk_state
1685174535.768,2023-05-27 08:02:15.768,0,87.09,1.6250000015133992,0,7.350906360188671,526837894719,1,warm_disk_state
1685174536.373,2023-05-27 08:02:16.373,0,70.84,1.5625000014552057,0,7.361290321794339,526839075658,1,warm_disk_state
1685174536.979,2023-05-27 08:02:16.979,0,56.12,1.5625000014552057,0,7.361290321794339,526840961269,1,warm_disk_state
1685174537.583,2023-05-27 08:02:17.583,0,90.24,1.1874999981955625,0,7.343995906866589,526842101048,1,warm_disk_state
1685174538.188,2023-05-27 08:02:18.188,0,65.51,1.1874999981955625,0,7.343995906866589,526843871229,1,warm_disk_state
1685174538.792,2023-05-27 08:02:18.792,0,62.3,0.999999999476131,0,7.354928317148612,526845199807,1,warm_disk_state
1685174539.399,2023-05-27 08:02:19.399,0,87.66,0.3125000002910383,0,7.373331817177436,526846901892,1,warm_disk_state
1685174540.004,2023-05-27 08:02:20.004,0,69.71,0.3125000002910383,0,7.373331817177436,526848573637,1,warm_disk_state
1685174540.61,2023-05-27 08:02:20.610,0,57.07,1.1249999995925464,0,7.340753965801909,526849762220,1,warm_disk_state
1685174541.215,2023-05-27 08:02:21.215,0,95.29,1.1249999995925464,0,7.340753965801909,526851512912,1,warm_disk_state
1685174541.821,2023-05-27 08:02:21.821,0,80.07,1.2499999967985786,0,7.33370944724783,526852619220,1,warm_disk_state
1685174542.428,2023-05-27 08:02:22.428,0,64.38,0.8125000007566996,0,7.351381682374846,526854287805,1,warm_disk_state
1685174543.032,2023-05-27 08:02:23.032,0,77.83,0.8125000007566996,0,7.351381682374846,526855524014,1,warm_disk_state
1685174543.638,2023-05-27 08:02:23.638,0,80.4,0.25000000023283064,0,7.335098850561264,526857209504,1,warm_disk_state
1685174544.243,2023-05-27 08:02:24.243,0,72.16,0.25000000023283064,0,7.335098850561264,526858886986,1,warm_disk_state
1685174544.848,2023-05-27 08:02:24.848,0,55.3,0.8750000008149073,0,7.323410799880706,526860085185,1,warm_disk_state
1685174545.455,2023-05-27 08:02:25.455,0,91.3,0.7500000006984777,0,7.321277943917101,526861810145,1,warm_disk_state
1685174546.06,2023-05-27 08:02:26.060,0,73.2,0.7500000006984777,0,7.321277943917101,526862977398,1,warm_disk_state
1685174546.664,2023-05-27 08:02:26.664,0,59.52,1.499999998486615,0,7.33011406148061,526864677306,1,warm_disk_state
1685174547.269,2023-05-27 08:02:27.269,0,95.89,1.499999998486615,0,7.3320153502253085,526865870312,1,warm_disk_state
1685174547.874,2023-05-27 08:02:27.874,0,79.79,1.125000001047738,0,7.3320153502253085,526867664509,1,warm_disk_state
1685174548.478,2023-05-27 08:02:28.478,0,69.02,1.624999998603002,0,7.311357116749245,526868835827,1,warm_disk_state
1685174549.083,2023-05-27 08:02:29.083,0,72.99,1.624999998603002,0,7.311357116749245,526870724575,1,warm_disk_state
1685174549.69,2023-05-27 08:02:29.690,0,80.05,0.7500000006984919,0,7.312076193902689,526872372367,1,warm_disk_state
1685174550.294,2023-05-27 08:02:30.294,0,70.45,0.7500000006984919,0,7.301923799515928,526873560549,1,warm_disk_state
1685174550.899,2023-05-27 08:02:30.899,0,56.49,0.9374999994179376,0,7.301923799515928,526875277731,1,warm_disk_state
1685174551.503,2023-05-27 08:02:31.503,0,91.83,0.8750000008149073,0,7.319681348881487,526876518732,1,warm_disk_state
1685174552.118,2023-05-27 08:02:32.118,0,70.83,0.8750000008149073,0,7.319681348881487,526878188273,1,warm_disk_state
1685174552.722,2023-05-27 08:02:32.722,0,64.77,1.0000000009313226,0,7.345885007862926,526879347663,1,warm_disk_state
1685174553.326,2023-05-27 08:02:33.326,0,96.57,1.0000000009313226,0,7.33734139626014,526881046521,1,warm_disk_state
1685174553.931,2023-05-27 08:02:33.931,0,84.35,1.0000000009313226,0,7.33734139626014,526882547473,1,warm_disk_state
1685174554.535,2023-05-27 08:02:34.535,0,68.44,0.6249999976716794,0,7.4386581484055805,526883867284,1,warm_disk_state
1685174555.139,2023-05-27 08:02:35.139,0,63.65,0.6249999976716794,0,7.4386581484055805,526885531014,1,warm_disk_state
1685174555.744,2023-05-27 08:02:35.744,0,83.39,0.8125000007566854,0,7.336573568113243,526886754686,1,warm_disk_state
1685174556.347,2023-05-27 08:02:36.347,0,105.99,0.8125000007566996,0,7.316926917751346,526888422606,1,warm_disk_state
1685174556.952,2023-05-27 08:02:36.952,0,96.36,0.8125000007566996,0,7.316926917751346,526889626309,1,warm_disk_state
1685174557.556,2023-05-27 08:02:37.556,0,92.04,1.5625000014551915,0,7.338352979374307,526891327943,1,warm_disk_state
1685174558.183,2023-05-27 08:02:38.183,0,90.68,1.5625000014551915,0,7.338352979374307,526892623909,1,warm_disk_state
1685174558.795,2023-05-27 08:02:38.795,0,66.64,0.8749999993597157,0,7.36626292312663,526894475840,1,warm_disk_to_warm_cpu_process
1685174559.207,2023-05-27 08:02:39.207,1,82.5,0.8749999993597157,0,7.36626292312663,526901131613,1,warm_disk_to_warm_cpu_process
1685174559.62,2023-05-27 08:02:39.620,1,105.36,2.312500000698506,0,7.34410559660186,526905591312,1,warm_disk_to_warm_cpu_process
1685174560.035,2023-05-27 08:02:40.035,1,144.9,2.312500000698506,0,7.34410559660186,526909500796,1,warm_disk_to_warm_cpu_process
1685174560.463,2023-05-27 08:02:40.463,1,119.62,23.124999999708947,0,7.823815372187632,526914187378,1,warm_disk_to_warm_cpu_process
1685174560.883,2023-05-27 08:02:40.883,1,116.64,23.124999999708947,0,7.823815372187632,526918244589,1,warm_disk_to_warm_cpu_process
1685174561.31,2023-05-27 08:02:41.310,1,117.92,23.124999999708947,0,8.047692121876022,526924832111,1,warm_cpu_state
1685174561.918,2023-05-27 08:02:41.918,1,87.7,6.3750000001164295,0,8.047692121876022,526930960338,1,warm_cpu_state
1685174562.526,2023-05-27 08:02:42.526,1,84.08,1.1249999981373549,0,8.064535590114321,526936769876,1,warm_cpu_state
1685174563.134,2023-05-27 08:02:43.134,1,59.08,1.1249999981373549,0,8.064535590114321,526942707096,1,warm_cpu_state
1685174563.743,2023-05-27 08:02:43.743,1,67.09,1.0624999966239415,0,7.953103006827211,526948711463,1,warm_cpu_state
1685174564.351,2023-05-27 08:02:44.351,1,94.58,1.3124999997671694,0,7.948374160462189,526954338033,1,warm_cpu_state
1685174564.96,2023-05-27 08:02:44.960,1,76.56,1.3124999997671694,0,7.948374160462189,526960420693,1,warm_cpu_state
1685174565.571,2023-05-27 08:02:45.571,1,75.39,0.3125000002910383,0,7.935516085938739,526965995617,1,warm_cpu_state
1685174566.182,2023-05-27 08:02:46.182,1,95.0,0.3125000002910383,0,7.935516085938739,526972083843,1,warm_cpu_state
1685174566.79,2023-05-27 08:02:46.790,1,79.46,2.062500001920853,0,7.879793700421002,526978262265,1,warm_cpu_state
1685174567.398,2023-05-27 08:02:47.398,1,63.97,1.249999998253756,0,7.861475514630721,526983514200,1,warm_cpu_state
1685174568.005,2023-05-27 08:02:48.005,1,58.05,1.249999998253756,0,7.861475514630721,526989705389,1,warm_cpu_state
1685174568.613,2023-05-27 08:02:48.613,1,87.04,0.2499999987776249,0,7.877989913663209,526995468581,1,warm_cpu_state
1685174569.221,2023-05-27 08:02:49.221,1,70.75,0.2499999987776249,0,7.877989913663209,527001514452,1,warm_cpu_state
1685174569.83,2023-05-27 08:02:49.830,1,63.47,1.6250000015134134,0,7.878258044127205,527006926929,1,warm_cpu_state
1685174570.439,2023-05-27 08:02:50.439,1,88.73,0.06250000005820766,0,7.912310613054712,527013123056,1,warm_cpu_state
1685174571.05,2023-05-27 08:02:51.050,1,82.11,0.06250000005820766,0,7.912310613054712,527018598203,1,warm_cpu_state
1685174571.66,2023-05-27 08:02:51.660,1,62.07,1.0625000009895444,0,7.909848687885293,527024759885,1,warm_cpu_state
1685174572.269,2023-05-27 08:02:52.269,1,98.07,1.0625000009895444,0,7.889702339840494,527030755029,1,warm_cpu_state
1685174572.881,2023-05-27 08:02:52.881,1,88.71,1.5000000013969839,0,7.889702339840494,527036305275,1,warm_cpu_state
1685174573.491,2023-05-27 08:02:53.491,1,66.53,0.6250000005820766,0,7.873590136504001,527042465125,1,warm_cpu_state
1685174574.1,2023-05-27 08:02:54.100,1,58.17,0.6250000005820766,0,7.873590136504001,527048190893,1,warm_cpu_state
1685174574.708,2023-05-27 08:02:54.708,1,85.33,0.3125000002910241,0,7.8723226106742015,527054267715,1,warm_cpu_state
1685174575.318,2023-05-27 08:02:55.318,1,90.71,0.875000000814893,0,7.890713922954662,527060000254,1,warm_cpu_state
1685174575.927,2023-05-27 08:02:55.927,1,66.36,0.875000000814893,0,7.890713922954662,527066163261,1,warm_cpu_state
1685174576.535,2023-05-27 08:02:56.535,1,65.46,2.4375000008149215,0,7.876953955052316,527071981365,1,warm_cpu_state
1685174577.145,2023-05-27 08:02:57.145,1,98.62,2.4375000008149215,0,7.876953955052316,527077550413,1,warm_cpu_state
1685174577.753,2023-05-27 08:02:57.753,1,98.44,-1.4210854715202004e-14,0,7.888264185533606,527083516111,1,warm_cpu_state
1685174578.361,2023-05-27 08:02:58.361,1,102.0,1.5625,0,7.856563852040248,527089308627,1,warm_cpu_state
1685174578.972,2023-05-27 08:02:58.972,1,87.53,1.5625,0,7.856563852040248,527095337800,1,warm_cpu_state
1685174579.579,2023-05-27 08:02:59.579,1,83.46,1.0624999980791472,0,7.889470772621589,527101059946,1,warm_cpu_state
1685174580.187,2023-05-27 08:03:00.187,1,69.68,1.0624999980791472,0,7.889470772621589,527107266603,1,warm_cpu_state
1685174580.798,2023-05-27 08:03:00.798,1,88.59,1.0000000009313226,0,7.906789563046064,527113192448,1,warm_cpu_state
1685174581.407,2023-05-27 08:03:01.407,1,88.79,1.0000000009313226,0,7.887569483876888,527118778700,1,warm_cpu_state
1685174582.015,2023-05-27 08:03:02.015,1,84.93,1.0000000009313226,0,7.887569483876888,527124763357,1,warm_cpu_state
1685174582.622,2023-05-27 08:03:02.622,1,62.56,-0.06250000005822187,0,7.8723226106742015,527130306703,1,warm_cpu_state
1685174583.23,2023-05-27 08:03:03.230,1,68.78,-0.06250000005822187,0,7.8723226106742015,527136217768,1,warm_cpu_state
1685174583.837,2023-05-27 08:03:03.837,1,83.33,1.062500000989516,0,7.866289675234288,527141948358,1,warm_cpu_state
1685174584.445,2023-05-27 08:03:04.445,1,64.98,1.6875000015715926,0,7.869824122259692,527148190367,1,warm_cpu_state
1685174585.052,2023-05-27 08:03:05.052,1,64.25,1.6875000015715926,0,7.869824122259692,527154233320,1,warm_cpu_state
1685174585.659,2023-05-27 08:03:05.659,1,101.54,0.6250000005820624,0,7.883608465658765,527159683742,1,warm_cpu_state
1685174586.267,2023-05-27 08:03:06.267,1,92.11,0.6250000005820624,0,7.882633445789687,527165657017,1,warm_cpu_state
1685174586.895,2023-05-27 08:03:06.895,1,61.98,1.6874999972060323,0,7.882633445789687,527171501593,1,warm_cpu_state
1685174587.503,2023-05-27 08:03:07.503,1,63.36,0.3124999988358468,0,7.8890442014288675,527177501137,1,warm_cpu_state
1685174588.111,2023-05-27 08:03:08.111,1,105.09,0.3124999988358468,0,7.8890442014288675,527183256157,1,warm_cpu_state
1685174588.72,2023-05-27 08:03:08.720,1,98.68,1.374999999825377,0,7.885985076589638,527189462437,1,warm_cpu_state
1685174589.328,2023-05-27 08:03:09.328,1,105.53,1.0624999995343387,0,7.871396341798579,527195192720,1,warm_cpu_state
1685174589.935,2023-05-27 08:03:09.935,1,94.38,1.0624999995343387,0,7.871396341798579,527201447294,1,warm_cpu_state
1685174590.543,2023-05-27 08:03:10.543,1,89.59,0,0,7.888788258713235,527207512342,1,warm_cpu_state
1685174591.164,2023-05-27 08:03:11.164,1,73.44,0,0,7.888788258713235,527213101534,1,warm_cpu_state
1685174591.774,2023-05-27 08:03:11.774,1,66.2,1.6874999986612238,0,7.872529802396379,527219315398,1,warm_cpu_state
1685174592.383,2023-05-27 08:03:12.383,1,76.1,2.374999999301494,0,7.857185427206784,527225052114,1,warm_cpu_state
1685174592.992,2023-05-27 08:03:12.992,1,81.27,2.374999999301494,0,7.857185427206784,527231146935,1,warm_cpu_state
1685174593.6,2023-05-27 08:03:13.600,1,63.98,0.9374999994179376,0,7.875857057699603,527237248427,1,warm_cpu_state
1685174594.218,2023-05-27 08:03:14.218,1,71.88,0.9374999994179376,0,7.875857057699603,527242815839,1,warm_cpu_state
1685174594.828,2023-05-27 08:03:14.828,1,72.55,1.0625000009895302,0,7.907289260728967,527248632658,1,warm_cpu_state
1685174595.437,2023-05-27 08:03:15.437,1,103.21,0.06250000005820766,0,7.903888878935561,527254368315,1,warm_cpu_state
1685174596.045,2023-05-27 08:03:16.045,1,98.65,0.06250000005820766,0,7.903888878935561,527260534709,1,warm_cpu_state
1685174596.653,2023-05-27 08:03:16.653,1,101.63,1.4375000013387762,0,7.8687394126553425,527266371475,1,warm_cpu_state
1685174597.261,2023-05-27 08:03:17.261,1,99.29,1.4375000013387762,0,7.838367543733603,527272487552,1,warm_cpu_state
1685174597.868,2023-05-27 08:03:17.868,1,84.66,1.4999999999417781,0,7.838367543733603,527278548027,1,warm_cpu_state
1685174598.476,2023-05-27 08:03:18.476,1,65.75,0.8750000008149215,0,7.867374384838636,527284148409,1,warm_cpu_state
1685174599.084,2023-05-27 08:03:19.084,1,65.76,0.8750000008149215,0,7.867374384838636,527290438887,1,warm_cpu_state
1685174599.691,2023-05-27 08:03:19.691,1,87.43,1.0624999995343387,0,7.897880318992375,527295786921,1,warm_cpu_state
1685174600.302,2023-05-27 08:03:20.302,1,91.62,1.0624999995343387,0,7.897063739852024,527301893616,1,warm_cpu_state
1685174600.912,2023-05-27 08:03:20.912,1,61.76,0.562500000523869,0,7.897063739852024,527307548449,1,warm_cpu_state
1685174601.524,2023-05-27 08:03:21.524,1,64.96,1.0624999995343245,0,7.88771573685725,527313448845,1,warm_cpu_state
1685174602.133,2023-05-27 08:03:22.133,1,100.3,1.0624999995343245,0,7.88771573685725,527319665895,1,warm_cpu_state
1685174602.741,2023-05-27 08:03:22.741,1,98.5,1.1874999981955625,0,7.903498870987931,527325214319,1,warm_cpu_state
1685174603.348,2023-05-27 08:03:23.348,1,104.06,-0.31249999738065526,0,7.88542444016492,527331287158,1,warm_cpu_state
1685174603.956,2023-05-27 08:03:23.956,1,99.43,-0.31249999738065526,0,7.88542444016492,527337124027,1,warm_cpu_state
1685174604.564,2023-05-27 08:03:24.564,1,81.01,1.8124999987776391,0,7.885790072615824,527343237392,1,warm_cpu_state
1685174605.172,2023-05-27 08:03:25.172,1,71.41,1.8124999987776391,0,7.885790072615824,527348865405,1,warm_cpu_state
1685174605.78,2023-05-27 08:03:25.780,1,56.87,0.9374999994179234,0,7.8616827063529,527354968432,1,warm_cpu_state
1685174606.388,2023-05-27 08:03:26.388,1,72.78,1.5625000014551915,0,7.831676469882062,527360947653,1,warm_cpu_state
1685174606.996,2023-05-27 08:03:26.996,1,83.61,1.5625000014551915,0,7.831676469882062,527366423240,1,warm_cpu_state
1685174607.604,2023-05-27 08:03:27.604,1,62.0,1.249999999708976,0,7.854053175877375,527372413873,1,warm_cpu_state
1685174608.213,2023-05-27 08:03:28.213,1,68.18,1.249999999708976,0,7.854053175877375,527378077473,1,warm_cpu_state
1685174608.82,2023-05-27 08:03:28.820,1,62.29,0.9374999979627177,0,7.877148959026131,527384377348,1,warm_cpu_state
1685174609.428,2023-05-27 08:03:29.428,1,106.42,0.9375000008731149,0,7.881963119629696,527390043316,1,warm_cpu_state
1685174610.037,2023-05-27 08:03:30.037,1,100.84,0.9375000008731149,0,7.881963119629696,527396194770,1,warm_cpu_state
1685174610.646,2023-05-27 08:03:30.646,1,98.81,0.1249999986612238,0,7.863193987149969,527402472016,1,warm_cpu_state
1685174611.257,2023-05-27 08:03:31.257,1,93.3,0.1249999986612238,0,7.874662658359985,527408070157,1,warm_cpu_state
1685174611.866,2023-05-27 08:03:31.866,1,82.85,1.5625,0,7.874662658359985,527414114855,1,warm_cpu_state
1685174612.474,2023-05-27 08:03:32.474,1,67.51,0.9375000008731007,0,7.898063135217827,527419940036,1,warm_cpu_state
1685174613.083,2023-05-27 08:03:33.083,1,101.37,0.9375000008731007,0,7.898063135217827,527425974607,1,warm_cpu_state
1685174613.699,2023-05-27 08:03:33.699,1,86.97,0.8749999993597157,0,7.865399969603755,527431498858,1,warm_cpu_state
1685174614.307,2023-05-27 08:03:34.307,1,88.4,0.8749999993597157,0,7.866338426227743,527437552473,1,warm_cpu_state
1685174614.917,2023-05-27 08:03:34.917,1,60.75,0.8750000008149073,0,7.866338426227743,527443586002,1,warm_cpu_state
1685174615.527,2023-05-27 08:03:35.527,1,64.69,0.7500000006984919,0,7.8660093570219285,527449244612,1,warm_cpu_state
1685174616.134,2023-05-27 08:03:36.134,1,90.74,0.7500000006984919,0,7.8660093570219285,527455303804,1,warm_cpu_state
1685174616.751,2023-05-27 08:03:36.751,1,63.34,0.8125000007566996,0,7.873443883523638,527460833752,1,warm_cpu_state
1685174617.361,2023-05-27 08:03:37.361,1,65.83,1.875000001746244,0,7.890165474278306,527466799083,1,warm_cpu_state
1685174617.971,2023-05-27 08:03:37.971,1,84.86,1.875000001746244,0,7.890165474278306,527472458143,1,warm_cpu_state
1685174618.579,2023-05-27 08:03:38.579,1,87.44,0.6875000006402843,0,7.888410438513967,527478506069,1,warm_cpu_state
1685174619.188,2023-05-27 08:03:39.188,1,67.69,0.6875000006402843,0,7.888410438513967,527484127108,1,warm_cpu_state
1685174619.796,2023-05-27 08:03:39.796,1,56.83,1.0624999995343387,0,7.871445092792031,527490163673,1,warm_cpu_state
1685174620.403,2023-05-27 08:03:40.403,1,90.86,0.8749999993597015,0,7.873577948755638,527495950263,1,warm_cpu_state
1685174621.014,2023-05-27 08:03:41.014,1,84.21,0.8749999993597015,0,7.873577948755638,527501649468,1,warm_cpu_state
1685174621.622,2023-05-27 08:03:41.622,1,70.86,0.9375000008731007,0,7.857538871909324,527507386045,1,warm_cpu_state
1685174622.231,2023-05-27 08:03:42.231,1,67.16,0.9375000008731007,0,7.857538871909324,527513038209,1,warm_cpu_state
1685174622.84,2023-05-27 08:03:42.840,1,86.16,0.12500000011641532,0,7.842316374203364,527519068800,1,warm_cpu_state
1685174623.447,2023-05-27 08:03:43.447,1,85.61,1.1249999995925464,0,7.843230455330623,527524705320,1,warm_cpu_state
1685174624.055,2023-05-27 08:03:44.055,1,66.79,1.1249999995925464,0,7.843230455330623,527531017848,1,warm_cpu_state
1685174624.663,2023-05-27 08:03:44.663,1,64.74,1.4999999999417923,0,7.874138585180355,527536982264,1,warm_cpu_state
1685174625.271,2023-05-27 08:03:45.271,1,94.64,1.4999999999417923,0,7.861402388140541,527542511638,1,warm_cpu_state
1685174625.879,2023-05-27 08:03:45.879,1,83.93,0.8750000008149073,0,7.861402388140541,527548752480,1,warm_cpu_state
1685174626.487,2023-05-27 08:03:46.487,1,64.68,1.3124999997671694,0,7.858977026216213,527554202415,1,warm_cpu_state
1685174627.096,2023-05-27 08:03:47.096,1,62.08,1.3124999997671694,0,7.858977026216213,527560350271,1,warm_cpu_state
1685174627.703,2023-05-27 08:03:47.703,1,77.49,1.4999999999417781,0,7.85935484641548,527566123985,1,warm_cpu_state
1685174628.312,2023-05-27 08:03:48.312,1,89.38,1.4999999999417781,0,7.840817281154658,527572252908,1,warm_cpu_state
1685174628.919,2023-05-27 08:03:48.919,1,69.09,0.5000000004656471,0,7.840817281154658,527578283136,1,warm_cpu_state
1685174629.528,2023-05-27 08:03:49.528,1,84.35,0.6874999991850785,0,7.852883152034483,527583845781,1,warm_cpu_state
1685174630.135,2023-05-27 08:03:50.135,1,66.35,0.6874999991850785,0,7.852883152034483,527589812532,1,warm_cpu_state
1685174630.744,2023-05-27 08:03:50.744,1,63.58,1.7499999987194315,0,7.854479747070096,527595589111,1,warm_cpu_state
1685174631.352,2023-05-27 08:03:51.352,1,88.99,-0.06250000151339918,0,7.839647257311766,527601437231,1,warm_cpu_state
1685174631.96,2023-05-27 08:03:51.960,1,82.03,-0.06250000151339918,0,7.839647257311766,527607091250,1,warm_cpu_state
1685174632.571,2023-05-27 08:03:52.571,1,62.73,1.4999999999417781,0,7.822377217880744,527613377252,1,warm_cpu_state
1685174633.179,2023-05-27 08:03:53.179,1,65.87,1.4999999999417781,0,7.822377217880744,527619464720,1,warm_cpu_state
1685174633.789,2023-05-27 08:03:53.789,1,103.94,0.562500000523869,0,7.82137782251494,527625105768,1,warm_cpu_state
1685174664.438,2023-05-27 08:04:24.438,1,88.95,1.0000000009313226,0,8.004559680417737,527920313382,1,active_state
1685174665.047,2023-05-27 08:04:25.047,1,60.96,1.0000000009313226,0,8.004559680417737,527925817662,1,active_state
1685174665.655,2023-05-27 08:04:25.655,1,97.13,1.6250000000582077,0,8.01083637082492,527931859237,1,active_state
1685174666.263,2023-05-27 08:04:26.263,1,88.97,1.6250000000582077,0,7.987045886019446,527937528542,1,active_state
1685174666.883,2023-05-27 08:04:26.883,1,73.84,1.7500000001746088,0,7.987045886019446,527943500238,1,active_state
1685174667.491,2023-05-27 08:04:27.491,1,87.77,1.8750000002910383,0,7.983243308530047,527949651859,1,active_state
1685174668.1,2023-05-27 08:04:28.100,1,88.62,1.8750000002910383,0,7.983243308530047,527955433676,1,active_state
1685174668.711,2023-05-27 08:04:28.711,1,70.85,1.437499999883599,0,8.007594429760239,527961437493,1,active_state
1685174669.319,2023-05-27 08:04:29.319,1,66.05,1.5624999985448085,0,8.016491486065565,527967165698,1,active_state
1685174669.93,2023-05-27 08:04:29.930,1,67.82,1.5624999985448085,0,8.016491486065565,527973270967,1,active_state
1685174670.538,2023-05-27 08:04:30.538,1,87.76,1.562499997089617,0,8.017661509908457,527978676440,1,active_state
1685174671.146,2023-05-27 08:04:31.146,1,83.63,1.562499997089617,0,8.017661509908457,527984908569,1,active_state
1685174671.779,2023-05-27 08:04:31.779,1,54.04,1.3750000012805828,0,8.022061287067665,527991041708,1,active_state
1685174672.39,2023-05-27 08:04:32.390,1,95.42,0.6875000006402558,0,8.098332216326195,527996672257,1,active_state
1685174673.002,2023-05-27 08:04:33.002,1,79.26,0.6875000006402558,0,8.098332216326195,528002912875,1,active_state
1685174673.612,2023-05-27 08:04:33.612,1,67.27,1.750000000174623,0,8.012323276125262,528008600654,1,active_state
1685174674.223,2023-05-27 08:04:34.223,1,70.78,1.750000000174623,0,8.012323276125262,528014619397,1,active_state
1685174674.831,2023-05-27 08:04:34.831,1,81.07,2.000000001862631,0,8.01256703109253,528020278317,1,active_state
1685174675.439,2023-05-27 08:04:35.439,1,92.7,1.4374999998835705,0,8.02000155759424,528026167550,1,active_state
1685174676.049,2023-05-27 08:04:36.049,1,56.56,1.4374999998835705,0,8.02000155759424,528032213639,1,active_state
1685174676.657,2023-05-27 08:04:36.657,1,86.94,1.4375000013387904,0,7.994833857223697,528037818962,1,active_state
1685174677.266,2023-05-27 08:04:37.266,1,87.99,1.4375000013387904,0,7.999708956569081,528043907503,1,active_state
1685174677.875,2023-05-27 08:04:37.875,1,79.32,1.6874999986612096,0,7.999708956569081,528049517262,1,active_state
1685174678.485,2023-05-27 08:04:38.485,1,70.99,1.624999998603002,0,7.996064819808406,528055580043,1,active_state
1685174679.093,2023-05-27 08:04:39.093,1,68.06,1.624999998603002,0,7.996064819808406,528061178460,1,active_state
1685174679.7,2023-05-27 08:04:39.700,1,108.43,1.5625000014551915,0,8.019769990375334,528067530690,1,active_state
1685174680.308,2023-05-27 08:04:40.308,1,96.73,1.5625000014551915,0,8.024328208263269,528073533782,1,active_state
1685174680.919,2023-05-27 08:04:40.919,1,95.98,0.6875000006402843,0,8.024328208263269,528079187418,1,active_state
1685174681.527,2023-05-27 08:04:41.527,1,87.04,1.687499997206018,0,8.028801111912658,528085278146,1,active_state
1685174682.137,2023-05-27 08:04:42.137,1,71.5,1.687499997206018,0,8.028801111912658,528090953927,1,active_state
1685174682.745,2023-05-27 08:04:42.745,1,62.5,1.8750000002910383,0,8.029581127807921,528096823277,1,active_state
1685174683.353,2023-05-27 08:04:43.353,1,68.97,1.5625000014552057,0,8.029629878801375,528102414815,1,active_state
1685174683.961,2023-05-27 08:04:43.961,1,94.63,1.5625000014552057,0,8.029629878801375,528108322870,1,active_state
1685174684.577,2023-05-27 08:04:44.577,1,102.32,1.2500000011641532,0,8.030032074497367,528114376669,1,active_state
1685174685.185,2023-05-27 08:04:45.185,1,104.96,1.2500000011641532,0,8.030032074497367,528120042714,1,active_state
1685174685.793,2023-05-27 08:04:45.793,1,85.65,1.4999999984865866,0,8.032213681454428,528126084236,1,active_state
1685174686.4,2023-05-27 08:04:46.400,1,73.48,2.062500001920867,0,8.028337977474848,528131945173,1,active_state
1685174687.009,2023-05-27 08:04:47.009,1,54.69,2.062500001920867,0,8.028337977474848,528138085327,1,active_state
1685174687.617,2023-05-27 08:04:47.617,1,101.79,1.5624999985447943,0,8.032103991719156,528143709754,1,active_state
1685174688.227,2023-05-27 08:04:48.227,1,88.62,1.5624999985447943,0,8.032103991719156,528150011095,1,active_state
1685174688.834,2023-05-27 08:04:48.834,1,85.81,0.8124999993015081,0,8.028325789726484,528156286325,1,active_state
1685174689.442,2023-05-27 08:04:49.442,1,61.27,1.5625,0,8.029958948007188,528161807855,1,active_state
1685174691.419,2023-05-27 08:04:51.419,1,100.37,1.9999999974970706,0,8.0266195049556,528180939297,1,active_state
1685174692.027,2023-05-27 08:04:52.027,1,100.62,1.9999999974970706,0,8.0266195049556,528186673334,1,active_state
1685174692.635,2023-05-27 08:04:52.635,1,90.06,0.8124999993014939,0,8.032128367215883,528192388127,1,active_state
1685174693.246,2023-05-27 08:04:53.246,1,84.96,0.8124999993014939,0,8.032128367215883,528198443218,1,active_state
1685174693.853,2023-05-27 08:04:53.853,1,58.16,2.0000000004074536,0,8.032079616222429,528204138219,1,active_state
1685174694.464,2023-05-27 08:04:54.464,1,61.57,1.8124999987776391,0,8.027752965553402,528210043654,1,active_state
1685174695.075,2023-05-27 08:04:55.075,1,93.18,1.8124999987776391,0,8.027752965553402,528215683527,1,active_state
1685174695.684,2023-05-27 08:04:55.684,1,81.05,1.4375000013387762,0,8.029142368866836,528221430990,1,active_state
1685174696.295,2023-05-27 08:04:56.295,1,64.77,1.4375000013387762,0,7.9913481611917465,528227624607,1,active_state
1685174696.904,2023-05-27 08:04:56.904,1,61.99,1.812500001688008,0,7.9913481611917465,528233394600,1,active_state
1685174697.512,2023-05-27 08:04:57.512,1,88.67,1.8124999987776391,0,7.991799107881195,528239509556,1,active_state
1685174698.12,2023-05-27 08:04:58.120,1,88.41,1.8124999987776391,0,7.991799107881195,528245171868,1,active_state
1685174698.727,2023-05-27 08:04:58.727,1,56.88,1.3125000012223609,0,8.00382841551593,528251155253,1,active_state
1685174699.341,2023-05-27 08:04:59.341,1,75.0,1.5624999985448085,0,8.020379377793509,528256819602,1,active_state
1685174699.949,2023-05-27 08:04:59.949,1,86.09,1.5624999985448085,0,8.020379377793509,528262982969,1,active_state
1685174700.556,2023-05-27 08:05:00.556,1,75.47,0.7499999992432862,0,8.022914429453108,528268920871,1,active_state
1685174701.166,2023-05-27 08:05:01.166,1,67.16,0.7499999992432862,0,8.022914429453108,528274578729,1,active_state
1685174701.774,2023-05-27 08:05:01.774,1,82.32,1.6875000001164153,0,8.019782178123698,528280667472,1,active_state
1685174702.382,2023-05-27 08:05:02.382,1,83.6,0.6875000020954758,0,8.022841302962927,528286244929,1,active_state
1685174702.989,2023-05-27 08:05:02.989,1,62.31,0.6875000020954758,0,8.022841302962927,528292428865,1,active_state
1685174703.6,2023-05-27 08:05:03.600,1,62.11,2.1249999990686916,0,8.02429164501818,528298027673,1,active_state
1685174704.21,2023-05-27 08:05:04.210,1,91.85,2.1249999990686916,0,8.02429164501818,528304039989,1,active_state
1685174704.817,2023-05-27 08:05:04.817,1,75.51,1.5000000013969839,0,7.9867533800587225,528310192149,1,active_state
1685174706.867,2023-05-27 08:05:06.867,1,62.79,1.4374999998835847,0,7.95873374657113,528315824866,1,active_state
1685174707.475,2023-05-27 08:05:07.475,1,62.0,1.1249999995925606,0,7.970214605529509,528335092425,1,active_state
1685174708.082,2023-05-27 08:05:08.082,1,96.55,1.1249999995925606,0,7.970214605529509,528341124083,1,active_state
1685174708.691,2023-05-27 08:05:08.691,1,55.89,1.3749999983701713,0,7.955808686963898,528346743406,1,active_state
1685174709.301,2023-05-27 08:05:09.301,1,65.16,1.3749999983701713,0,7.95789279193405,528352896230,1,active_state
1685174709.908,2023-05-27 08:05:09.908,1,80.77,2.4375000022700988,0,7.95789279193405,528358576757,1,active_state
1685174710.516,2023-05-27 08:05:10.516,1,87.27,1.4374999998835847,0,7.955296801532634,528364570145,1,active_state
1685174711.124,2023-05-27 08:05:11.124,1,67.55,1.4374999998835847,0,7.955296801532634,528370173364,1,active_state
1685174711.732,2023-05-27 08:05:11.732,1,70.96,1.6250000000582077,0,7.947045695890571,528376112692,1,active_state
1685174712.339,2023-05-27 08:05:12.339,1,111.6,2.562499999476117,0,7.966607032013924,528382009267,1,active_state
1685174712.947,2023-05-27 08:05:12.947,1,57.22,2.562499999476117,0,7.966607032013924,528387716786,1,active_state
1685174713.557,2023-05-27 08:05:13.557,1,72.96,1.5624999970896027,0,7.976637548917051,528393887177,1,active_state
1685174714.165,2023-05-27 08:05:14.165,1,93.6,1.5624999970896027,0,7.976637548917051,528399436456,1,active_state
1685174714.773,2023-05-27 08:05:14.773,1,78.51,1.374999999825377,0,7.978502274416662,528405410727,1,active_state
1685174715.382,2023-05-27 08:05:15.382,1,66.06,0.7500000006984777,0,7.971884327055302,528411187021,1,active_state
1685174715.991,2023-05-27 08:05:15.991,1,90.54,0.7500000006984777,0,7.971884327055302,528417062840,1,active_state
1685174716.6,2023-05-27 08:05:16.600,1,87.07,2.500000000873115,0,7.970299919768052,528423290430,1,active_state
1685174717.208,2023-05-27 08:05:17.208,1,66.63,2.500000000873115,0,7.970299919768052,528428998373,1,active_state
1685174717.815,2023-05-27 08:05:17.815,1,62.02,1.7500000001746372,0,7.982085472435518,528435047719,1,active_state
1685174718.43,2023-05-27 08:05:18.430,1,63.43,1.624999998603002,0,8.007496927773332,528440890954,1,active_state
1685174719.039,2023-05-27 08:05:19.039,1,107.6,1.624999998603002,0,8.007496927773332,528446950048,1,active_state
1685174719.647,2023-05-27 08:05:19.647,1,102.33,1.1874999996507825,0,8.014748638049591,528452635343,1,active_state
1685174720.255,2023-05-27 08:05:20.255,1,109.41,1.1874999996507825,0,8.015358025467762,528458653580,1,active_state
1685174720.865,2023-05-27 08:05:20.865,1,79.16,0.8749999993597015,0,8.015358025467762,528464514029,1,active_state
1685174721.472,2023-05-27 08:05:21.472,1,79.61,2.1250000019790605,0,8.025230101642165,528470136603,1,active_state
1685174722.079,2023-05-27 08:05:22.079,1,67.66,2.1250000019790605,0,8.025230101642165,528476293952,1,active_state
1685174722.687,2023-05-27 08:05:22.687,1,64.5,1.250000001164139,0,8.032774317879147,528481911301,1,active_state
1685174723.294,2023-05-27 08:05:23.294,1,98.78,1.250000001164139,0,8.031031469863171,528487997040,1,active_state
1685174723.902,2023-05-27 08:05:23.902,1,57.32,1.7499999972642541,0,8.031031469863171,528493384516,1,active_state
1685174724.51,2023-05-27 08:05:24.510,1,67.48,1.6250000000582077,0,8.021086267198589,528499321458,1,active_state
1685174725.121,2023-05-27 08:05:25.121,1,87.81,1.6250000000582077,0,8.021086267198589,528505542826,1,active_state
1685174725.729,2023-05-27 08:05:25.729,1,82.23,0.8125000007566996,0,8.014870515533225,528511117240,1,active_state
1685174726.336,2023-05-27 08:05:26.336,1,67.82,1.937499997438863,0,8.001195861869423,528516998256,1,active_state
1685174726.947,2023-05-27 08:05:26.947,1,86.46,1.937499997438863,0,8.001195861869423,528522560546,1,active_state
1685174727.554,2023-05-27 08:05:27.554,1,94.99,1.1249999995925606,0,8.01316423076234,528528562664,1,active_state
1685174728.162,2023-05-27 08:05:28.162,1,65.5,1.1249999995925606,0,8.01316423076234,528534243744,1,active_state
1685174728.772,2023-05-27 08:05:28.772,1,70.9,1.875000001746244,0,8.014322066856868,528540456701,1,active_state
1685174729.381,2023-05-27 08:05:29.381,1,65.12,1.4375000013387762,0,8.061086457327463,528546648238,1,active_state
1685174729.991,2023-05-27 08:05:29.991,1,90.96,1.4375000013387762,0,8.061086457327463,528552244036,1,active_state
1685174730.599,2023-05-27 08:05:30.599,1,70.13,1.4999999999417923,0,8.011141064534005,528558402316,1,active_state
1685174731.207,2023-05-27 08:05:31.207,1,68.89,1.4999999999417923,0,8.011141064534005,528563682602,1,active_state
1685174731.817,2023-05-27 08:05:31.817,1,79.54,1.750000000174623,0,8.024986346674897,528569725217,1,active_state
1685174732.425,2023-05-27 08:05:32.425,1,64.03,0.6250000005820908,0,8.02874017317084,528575238870,1,active_state
1685174733.036,2023-05-27 08:05:33.036,1,86.69,0.6250000005820908,0,8.02874017317084,528581317461,1,active_state
1685174733.644,2023-05-27 08:05:33.644,1,91.08,2.312500000698506,0,8.025620109589795,528587577163,1,active_state
1685174734.253,2023-05-27 08:05:34.253,1,69.63,2.312500000698506,0,8.021744405610216,528593186942,1,active_state
1685174734.861,2023-05-27 08:05:34.861,1,58.69,0.8749999993597157,0,8.021744405610216,528599055689,1,active_state
1685174735.47,2023-05-27 08:05:35.470,1,97.71,2.0000000004074536,0,8.020818136734592,528604799362,1,active_state
1685174736.079,2023-05-27 08:05:36.079,1,85.37,2.0000000004074536,0,8.020818136734592,528610650834,1,active_state
1685174736.689,2023-05-27 08:05:36.689,1,59.54,1.437499999883599,0,7.992774127750272,528616254588,1,active_state
1685174737.301,2023-05-27 08:05:37.301,1,67.42,1.437499999883599,0,8.011323880759457,528622495164,1,active_state
1685174737.909,2023-05-27 08:05:37.909,1,80.6,2.4999999994179234,0,8.011323880759457,528627962673,1,active_state
1685174738.52,2023-05-27 08:05:38.520,1,77.67,0.3125000002910241,0,8.008508510887498,528633817677,1,active_state
1685174739.129,2023-05-27 08:05:39.129,1,63.38,0.3125000002910241,0,8.008508510887498,528640169007,1,active_state
1685174739.736,2023-05-27 08:05:39.736,1,100.2,1.5625000014551773,0,8.024096641044363,528645542205,1,active_state
1685174860.226,2023-05-27 08:07:40.226,1,90.56,0.9999999994761168,0,8.01612585361466,529821730082,1,warm_cpu_to_warm_disk_process
1685174860.649,2023-05-27 08:07:40.649,1,62.45,1.0624999995343387,0,8.019587174149883,529821843140,1,warm_cpu_to_warm_disk_process
1685174861.075,2023-05-27 08:07:41.075,1,57.31,1.0624999995343387,0,8.019587174149883,529822531859,1,warm_cpu_to_warm_disk_process
1685174861.5,2023-05-27 08:07:41.500,1,78.09,0.7500000006984919,0,8.020440316535325,529823044912,1,warm_cpu_to_warm_disk_process
1685174861.92,2023-05-27 08:07:41.920,1,96.51,0.7500000006984919,0,8.020440316535325,529823740874,1,warm_cpu_to_warm_disk_process
1685174862.348,2023-05-27 08:07:42.348,1,64.0,1.6874999986612096,0,7.40124176092976,529824032232,1,warm_cpu_to_warm_disk_process
1685174862.776,2023-05-27 08:07:42.776,1,64.89,1.6874999986612096,0,7.40124176092976,529824151160,1,warm_cpu_to_warm_disk_process
1685174863.203,2023-05-27 08:07:43.203,1,66.08,1.6874999986612096,0,7.40124176092976,529824860739,1,warm_cpu_to_warm_disk_process
1685174863.632,2023-05-27 08:07:43.632,1,82.64,1.5000000013969697,0,7.415135794064104,529825156378,1,warm_cpu_to_warm_disk_process
1685174864.055,2023-05-27 08:07:44.055,1,66.79,1.5000000013969697,0,7.415135794064104,529825820187,1,warm_cpu_to_warm_disk_process
1685174864.481,2023-05-27 08:07:44.481,1,64.14,1.2500000011641532,0,7.412771370881592,529826096405,1,warm_cpu_to_warm_disk_process
1685174864.913,2023-05-27 08:07:44.913,1,59.47,1.2500000011641532,0,7.412771370881592,529826222302,1,warm_cpu_to_warm_disk_process
1685174865.341,2023-05-27 08:07:45.341,1,93.43,0.4375000004074536,0,7.394306932110951,529827062341,1,warm_cpu_to_warm_disk_process
1685174865.771,2023-05-27 08:07:45.771,1,87.55,0.4375000004074536,0,7.394306932110951,529827179089,1,warm_cpu_to_warm_disk_process
1685174866.196,2023-05-27 08:07:46.196,1,88.11,0.4375000004074536,0,7.394306932110951,529827918479,1,warm_cpu_to_warm_disk_process
1685174866.623,2023-05-27 08:07:46.623,1,74.03,0.8125000007566854,0,7.390224036409192,529828247408,1,warm_cpu_to_warm_disk_process
1685174867.052,2023-05-27 08:07:47.052,1,54.71,0.8125000007566854,0,7.390224036409192,529828442778,1,warm_cpu_to_warm_disk_process
1685174867.481,2023-05-27 08:07:47.481,1,62.37,1.6249999956926047,0,7.395233200986574,529829286155,1,warm_cpu_to_warm_disk_process
1685174867.91,2023-05-27 08:07:47.910,1,60.69,1.6249999956926047,0,7.395233200986574,529829557493,1,warm_cpu_to_warm_disk_process
1685174868.335,2023-05-27 08:07:48.335,1,90.2,1.374999999825377,0,7.412430113927416,529830207240,1,warm_cpu_to_warm_disk_process
1685174868.763,2023-05-27 08:07:48.763,1,84.01,1.374999999825377,0,7.412430113927416,529830529627,1,warm_cpu_to_warm_disk_process
1685174869.192,2023-05-27 08:07:49.192,1,87.24,1.374999999825377,0,7.412430113927416,529830848829,1,warm_cpu_to_warm_disk_process
1685174869.622,2023-05-27 08:07:49.622,1,64.5,0.9999999980209395,0,7.382265436727852,529831661664,1,warm_cpu_to_warm_disk_process
1685174870.05,2023-05-27 08:07:50.050,1,59.35,0.9999999980209395,0,7.382265436727852,529831787715,1,warm_cpu_to_warm_disk_process
1685174870.476,2023-05-27 08:07:50.476,1,71.72,0.8125000007566996,0,7.371978977109094,529832590693,1,warm_cpu_to_warm_disk_process
1685174870.898,2023-05-27 08:07:50.898,1,79.82,0.8125000007566996,0,7.371978977109094,529832715017,1,warm_cpu_to_warm_disk_process
1685174871.327,2023-05-27 08:07:51.327,1,76.94,1.0000000009313084,0,7.392454394359706,529832862969,1,warm_cpu_to_warm_disk_process
1685174871.751,2023-05-27 08:07:51.751,1,56.93,1.0000000009313084,0,7.392454394359706,529833672528,1,warm_cpu_to_warm_disk_process
1685174872.179,2023-05-27 08:07:52.179,1,66.32,1.0000000009313084,0,7.392454394359706,529833819082,1,warm_cpu_to_warm_disk_process
1685174872.601,2023-05-27 08:07:52.601,1,85.23,0.7499999992433004,0,7.389127139056481,529834122100,1,warm_cpu_to_warm_disk_process
1685174873.031,2023-05-27 08:07:53.031,1,86.06,0.7499999992433004,0,7.389127139056481,529834766052,1,warm_cpu_to_warm_disk_process
1685174873.458,2023-05-27 08:07:53.458,1,79.26,0.9999999980209395,0,7.40480058345189,529834923854,1,warm_cpu_to_warm_disk_process
1685174873.887,2023-05-27 08:07:53.887,1,60.27,0.9999999980209395,0,7.40480058345189,529835742674,1,warm_cpu_to_warm_disk_process
1685174874.317,2023-05-27 08:07:54.317,1,65.89,0.3125000002910241,0,7.42283845102981,529835863930,1,warm_cpu_to_warm_disk_process
1685174874.742,2023-05-27 08:07:54.742,1,84.62,0.3125000002910241,0,7.42283845102981,529836148436,1,warm_cpu_to_warm_disk_process
1685174875.17,2023-05-27 08:07:55.170,1,88.65,0.3125000002910241,0,7.42283845102981,529836837825,1,warm_cpu_to_warm_disk_process
1685174875.6,2023-05-27 08:07:55.600,1,90.53,0.8124999993014939,0,7.4015952056323,529837112813,1,warm_cpu_to_warm_disk_process
1685174876.046,2023-05-27 08:07:56.046,1,62.81,0.8124999993014939,0,7.4015952056323,529837768622,1,warm_cpu_to_warm_disk_process
1685174876.477,2023-05-27 08:07:56.477,1,63.19,2.312500000698506,0,7.36590947842409,529837920160,1,warm_cpu_to_warm_disk_process
1685174876.898,2023-05-27 08:07:56.898,1,52.77,2.312500000698506,0,7.36590947842409,529838748477,1,warm_cpu_to_warm_disk_process
1685174877.328,2023-05-27 08:07:57.328,1,82.88,0.8125000007566996,0,7.386433646668156,529838902277,1,warm_cpu_to_warm_disk_process
1685174877.755,2023-05-27 08:07:57.755,1,76.53,0.8125000007566996,0,7.386433646668156,529839186892,1,warm_cpu_to_warm_disk_process
1685174878.184,2023-05-27 08:07:58.184,1,67.45,0.8125000007566996,0,7.386433646668156,529839988004,1,warm_cpu_to_warm_disk_process
1685174878.612,2023-05-27 08:07:58.612,1,64.04,1.2500000011641816,0,7.419084624533864,529840142609,1,warm_cpu_to_warm_disk_process
1685174879.036,2023-05-27 08:07:59.036,1,68.69,1.2500000011641816,0,7.419084624533864,529841119222,1,warm_cpu_to_warm_disk_process
1685174879.466,2023-05-27 08:07:59.466,1,96.1,0.7500000006984919,0,7.4063484274940485,529841274887,1,warm_cpu_to_warm_disk_process
1685174879.894,2023-05-27 08:07:59.894,1,82.17,0.7500000006984919,0,7.4063484274940485,529841560961,1,warm_cpu_to_warm_disk_process
1685174880.324,2023-05-27 08:08:00.324,1,81.73,0.1250000001164011,0,7.403459931131909,529842210011,1,warm_cpu_to_warm_disk_process
1685174880.754,2023-05-27 08:08:00.754,1,54.49,0.1250000001164011,0,7.403459931131909,529842483633,1,warm_cpu_to_warm_disk_process
1685174881.176,2023-05-27 08:08:01.176,1,69.79,0.1250000001164011,0,7.403459931131909,529842640095,1,warm_cpu_to_warm_disk_process
1685174881.606,2023-05-27 08:08:01.606,1,61.24,1.6875000015715926,0,7.402996796694097,529843377300,1,warm_cpu_to_warm_disk_process
1685174882.032,2023-05-27 08:08:02.032,1,55.25,1.6875000015715926,0,7.402996796694097,529843661076,1,warm_cpu_to_warm_disk_process
1685174882.462,2023-05-27 08:08:02.462,1,87.16,0.06249999860300193,0,7.418865245063322,529844349606,1,warm_cpu_to_warm_disk_process
1685174882.889,2023-05-27 08:08:02.889,1,80.2,0.06249999860300193,0,7.418865245063322,529844633694,1,warm_cpu_to_warm_disk_process
1685174883.31,2023-05-27 08:08:03.310,1,83.25,0.06249999860300193,0,7.386762715873969,529844782403,1,warm_cpu_to_warm_disk_process
1685174883.737,2023-05-27 08:08:03.737,1,58.47,1.0000000009313226,0,7.386762715873969,529845439237,1,warm_cpu_to_warm_disk_process
1685174884.167,2023-05-27 08:08:04.167,1,70.45,1.0000000009313226,0,7.386762715873969,529845727716,1,warm_cpu_to_warm_disk_process
1685174884.597,2023-05-27 08:08:04.597,1,90.03,1.6250000015134134,0,7.389127139056481,529846377142,1,warm_cpu_to_warm_disk_process
1685174885.026,2023-05-27 08:08:05.026,1,79.37,1.6250000015134134,0,7.389127139056481,529846661214,1,warm_cpu_to_warm_disk_process
1685174885.448,2023-05-27 08:08:05.448,1,82.36,0.9374999994179234,0,7.405604974843878,529846813243,1,warm_cpu_to_warm_disk_process
1685174885.878,2023-05-27 08:08:05.878,1,58.35,0.9374999994179234,0,7.405604974843878,529847628962,1,warm_cpu_to_warm_disk_process
1685174886.307,2023-05-27 08:08:06.307,1,59.8,0.9374999994179234,0,7.386640838390335,529847772979,1,warm_cpu_to_warm_disk_process
1685174886.736,2023-05-27 08:08:06.736,1,78.59,1.437500001338762,0,7.386640838390335,529848435768,1,warm_cpu_to_warm_disk_process
1685174887.152,2023-05-27 08:08:07.152,1,90.59,1.437500001338762,0,7.386640838390335,529848758018,1,warm_cpu_to_warm_disk_process
1685174887.583,2023-05-27 08:08:07.583,1,72.02,1.2500000011641532,0,7.39296627979097,529848887768,1,warm_cpu_to_warm_disk_process
1685174888.011,2023-05-27 08:08:08.011,1,62.13,1.2500000011641532,0,7.39296627979097,529849831346,1,warm_cpu_to_warm_disk_process
1685174888.442,2023-05-27 08:08:08.442,1,59.76,0.5624999990686774,0,7.381180727123506,529849963068,1,warm_cpu_to_warm_disk_process
1685174888.872,2023-05-27 08:08:08.872,1,85.59,0.5624999990686774,0,7.381180727123506,529850664150,1,warm_cpu_to_warm_disk_process
1685174889.295,2023-05-27 08:08:09.295,1,89.88,0.5624999990686774,0,7.392064386412074,529851123053,1,warm_cpu_to_warm_disk_process
1685174889.723,2023-05-27 08:08:09.723,1,59.79,1.6249999986030161,0,7.392064386412074,529851548715,1,warm_cpu_to_warm_disk_process
1685174890.152,2023-05-27 08:08:10.152,1,68.7,1.6249999986030161,0,7.392064386412074,529852369454,1,warm_cpu_to_warm_disk_process
1685174890.582,2023-05-27 08:08:10.582,1,99.18,2.312499999243286,0,7.337377959505231,529852487377,1,warm_cpu_to_warm_disk_process
1685174911.446,2023-05-27 08:08:31.446,0,69.68,0.6250000005820624,0,7.348005676078167,529906249536,1,warm_disk_to_cold_process
1685174911.852,2023-05-27 08:08:31.852,0,109.27,0.6250000005820624,0,7.348005676078167,529909142061,1,warm_disk_to_cold_process
1685174912.258,2023-05-27 08:08:32.258,0,102.65,0.6250000005820624,0,7.3451659307094825,529909921222,1,warm_disk_to_cold_process
1685174922.67,2023-05-27 08:08:42.670,0,86.64,2.0000000004074536,0,7.3207051197440185,529935434615,1,cold_state
1685174923.275,2023-05-27 08:08:43.275,0,64.18,2.0000000004074536,0,7.312295573373231,529937123010,1,cold_state
1685174923.879,2023-05-27 08:08:43.879,0,84.49,1.0625000009895587,0,7.312295573373231,529938348620,1,cold_state
1685174924.483,2023-05-27 08:08:44.483,0,83.45,1.0624999995343387,0,7.309041444560188,529940002081,1,cold_state
1685174925.087,2023-05-27 08:08:45.087,0,67.88,1.0624999995343387,0,7.309041444560188,529941129501,1,cold_state
1685174925.692,2023-05-27 08:08:45.692,0,81.54,0.3124999988358468,0,7.331357211813681,529942824945,1,cold_state
1685174926.297,2023-05-27 08:08:46.297,0,83.01,0.3124999988358468,0,7.31292933628813,529944131104,1,cold_state
1685174926.903,2023-05-27 08:08:46.903,0,62.49,1.1250000010477237,0,7.31292933628813,529945919583,1,cold_state
1685174927.507,2023-05-27 08:08:47.507,0,59.64,1.874999998835861,0,7.314330927349928,529947625305,1,cold_state
1685174928.111,2023-05-27 08:08:48.111,0,89.81,1.874999998835861,0,7.314330927349928,529948942964,1,cold_state
1685174928.715,2023-05-27 08:08:48.715,0,77.61,1.125000001047738,0,7.324897705181048,529950645929,1,cold_state
1685174929.319,2023-05-27 08:08:49.319,0,65.63,1.6250000000582219,0,7.314001858144116,529951956267,1,cold_state
1685174929.923,2023-05-27 08:08:49.923,0,61.04,1.6250000000582219,0,7.314001858144116,529953592868,1,cold_state
1685174930.528,2023-05-27 08:08:50.528,0,85.11,0.812500000756728,0,7.346457832036009,529954749236,1,cold_state
1685174931.131,2023-05-27 08:08:51.131,0,87.4,0.812500000756728,0,7.346457832036009,529956428836,1,cold_state
1685174931.735,2023-05-27 08:08:51.735,0,75.92,0.6249999991268851,0,7.317865374375332,529957564027,1,cold_state
1685174932.34,2023-05-27 08:08:52.340,0,63.4,1.2500000011641532,0,7.330723448898782,529959249890,1,cold_state
1685174932.943,2023-05-27 08:08:52.943,0,59.94,1.2500000011641532,0,7.330723448898782,529960910225,1,cold_state
1685174933.547,2023-05-27 08:08:53.547,0,81.71,0.3125000002910383,0,7.344641857529853,529962144693,1,cold_state
1685174934.151,2023-05-27 08:08:54.151,0,88.77,0.3125000002910383,0,7.344641857529853,529963819147,1,cold_state
1685174934.755,2023-05-27 08:08:54.755,0,70.18,1.3749999983701855,0,7.360741873117983,529964977562,1,cold_state
1685174935.359,2023-05-27 08:08:55.359,0,65.39,1.0000000009313084,0,7.328310274722817,529966672569,1,cold_state
1685174935.964,2023-05-27 08:08:55.964,0,90.93,1.0000000009313084,0,7.328310274722817,529967791804,1,cold_state
1685174936.569,2023-05-27 08:08:56.569,0,87.21,1.5000000013969697,0,7.324044562795606,529969524363,1,cold_state
1685174937.174,2023-05-27 08:08:57.174,0,74.11,1.5000000013969697,0,7.324044562795606,529971171289,1,cold_state
1685174937.779,2023-05-27 08:08:57.779,0,64.14,1.0624999980791614,0,7.328663719425357,529972333262,1,cold_state
1685174938.383,2023-05-27 08:08:58.383,0,76.55,0.4374999989522621,0,7.3394011257335645,529974407774,1,cold_state
1685174938.988,2023-05-27 08:08:58.988,0,62.52,0.4374999989522621,0,7.3394011257335645,529975740718,1,cold_state
1685174939.592,2023-05-27 08:08:59.592,0,65.0,1.1875000011059456,0,7.369102668495317,529977372527,1,cold_state
1685174940.196,2023-05-27 08:09:00.196,0,92.88,1.1875000011059456,0,7.369102668495317,529978567508,1,cold_state
1685174940.801,2023-05-27 08:09:00.801,0,60.44,1.1249999981373549,0,7.345982509849834,529980242708,1,cold_state
1685174941.406,2023-05-27 08:09:01.406,0,68.49,1.187499999650754,0,7.346019073094924,529981398130,1,cold_state
1685174942.011,2023-05-27 08:09:02.011,0,85.75,1.187499999650754,0,7.346019073094924,529983146544,1,cold_state
1685174942.617,2023-05-27 08:09:02.617,0,84.52,0.6874999991850927,0,7.373100249958531,529984877395,1,cold_state
1685174943.222,2023-05-27 08:09:03.222,0,69.7,0.6874999991850927,0,7.373100249958531,529986016764,1,cold_state
1685174943.837,2023-05-27 08:09:03.837,0,67.94,1.0624999995343387,0,7.369833933397124,529987710416,1,cold_state
1685174944.442,2023-05-27 08:09:04.442,0,88.44,0.25000000023281643,0,7.3567077284096785,529988997317,1,cold_state
1685174945.046,2023-05-27 08:09:05.046,0,71.95,0.25000000023281643,0,7.3567077284096785,529990648864,1,cold_state
1685174945.65,2023-05-27 08:09:05.650,0,63.55,1.6875000015716068,0,7.345885007862926,529991830736,1,cold_state
1685174946.255,2023-05-27 08:09:06.255,0,63.97,1.6875000015716068,0,7.357999629736205,529993509330,1,cold_state
1685174946.859,2023-05-27 08:09:06.859,0,95.11,1.125000001047738,0,7.357999629736205,529995214516,1,cold_state
1685174947.463,2023-05-27 08:09:07.463,0,88.57,1.374999999825377,0,7.371174585717105,529996382038,1,cold_state
1685174948.067,2023-05-27 08:09:08.067,0,85.14,1.374999999825377,0,7.371174585717105,529998136496,1,cold_state
1685174948.672,2023-05-27 08:09:08.672,0,57.85,1.0624999995343245,0,7.366031355907725,529999369063,1,cold_state
1685174949.298,2023-05-27 08:09:09.298,0,69.7,1.0624999995343245,0,7.381363543348956,530001195309,1,cold_state
1685174949.903,2023-05-27 08:09:09.903,0,84.79,1.0000000009313226,0,7.381363543348956,530003064820,1,cold_state
1685174950.51,2023-05-27 08:09:10.510,0,66.24,0.999999999476131,0,7.367298881737525,530004780386,1,cold_state
1685174951.114,2023-05-27 08:09:11.114,0,65.36,0.999999999476131,0,7.367298881737525,530005939185,1,cold_state
1685174951.718,2023-05-27 08:09:11.718,0,80.28,0.06250000005820766,0,7.364739454581199,530007637340,1,cold_state
1685174952.322,2023-05-27 08:09:12.322,0,69.35,1.1874999996507398,0,7.3653732174960975,530009287686,1,cold_state
1685174952.927,2023-05-27 08:09:12.927,0,64.19,1.1874999996507398,0,7.3653732174960975,530010433413,1,cold_state
1685174953.531,2023-05-27 08:09:13.531,0,97.71,4.624999999941792,0,7.37362432313816,530012104447,1,cold_state
1685174954.135,2023-05-27 08:09:14.135,0,86.33,4.624999999941792,0,7.37362432313816,530013290193,1,cold_state
1685174954.739,2023-05-27 08:09:14.739,0,62.32,0.8749999993597157,0,7.394562874826584,530014969801,1,cold_state
1685174955.343,2023-05-27 08:09:15.343,0,70.85,1.0000000009313226,0,7.389224641043388,530016173516,1,cold_state
1685174955.947,2023-05-27 08:09:15.947,0,83.31,1.0000000009313226,0,7.389224641043388,530017814405,1,cold_state
1685174956.551,2023-05-27 08:09:16.551,0,86.4,1.3124999997671694,0,7.327737450549734,530019548101,1,cold_state
1685174957.156,2023-05-27 08:09:17.156,0,66.27,1.3124999997671694,0,7.327737450549734,530020835726,1,cold_state
1685174957.76,2023-05-27 08:09:17.760,0,63.18,0.9999999994761453,0,7.359169653579096,530022504414,1,cold_state
1685174958.365,2023-05-27 08:09:18.365,0,86.7,1.125000001047738,0,7.360559056892531,530023722425,1,cold_state
1685174958.968,2023-05-27 08:09:18.968,0,62.73,1.125000001047738,0,7.360559056892531,530025574275,1,cold_state
1685174959.572,2023-05-27 08:09:19.572,0,72.62,0.875000000814893,0,7.3559764635078695,530026717550,1,cold_state
1685174960.176,2023-05-27 08:09:20.176,0,93.51,0.875000000814893,0,7.3559764635078695,530028378076,1,cold_state
1685174960.782,2023-05-27 08:09:20.782,0,79.76,0.8749999993597157,0,7.3711014592269235,530029573901,1,cold_state
1685174961.385,2023-05-27 08:09:21.385,0,64.72,0.6875000006402701,0,7.4493346159719716,530031250377,1,cold_state
1685174961.989,2023-05-27 08:09:21.989,0,60.6,0.6875000006402701,0,7.4493346159719716,530032878940,1,cold_state
1685174962.594,2023-05-27 08:09:22.594,0,85.99,0.8124999978463165,0,7.385019867857995,530034015595,1,cold_state
1685174963.199,2023-05-27 08:09:23.199,0,84.42,0.8124999978463165,0,7.385019867857995,530035707764,1,cold_state
1685174963.802,2023-05-27 08:09:23.802,0,61.21,0.6875000006402843,0,7.386031450972162,530036907855,1,cold_state
1685174964.407,2023-05-27 08:09:24.407,0,64.37,1.2500000011641674,0,7.356073965494778,530038714217,1,cold_state
1685174965.011,2023-05-27 08:09:25.011,0,87.32,1.2500000011641674,0,7.356073965494778,530039904157,1,cold_state
1685174965.616,2023-05-27 08:09:25.616,0,93.99,0.8124999978463165,0,7.346835652235276,530041631150,1,cold_state
1685174966.22,2023-05-27 08:09:26.220,0,68.99,0.8124999978463165,0,7.346835652235276,530042813180,1,cold_state
1685174966.823,2023-05-27 08:09:26.823,0,75.3,1.4375000013387762,0,7.319669161133124,530044472740,1,cold_state
1685174967.428,2023-05-27 08:09:27.428,0,85.7,1.0000000009313226,0,7.322192025044361,530046150998,1,cold_state
1685174968.032,2023-05-27 08:09:28.032,0,70.02,1.0000000009313226,0,7.322192025044361,530047410101,1,cold_state
1685174968.64,2023-05-27 08:09:28.640,0,63.72,0.18750000017460877,0,7.342326185340796,530049077575,1,cold_state
1685174969.243,2023-05-27 08:09:29.243,0,90.37,0.18750000017460877,0,7.342326185340796,530050411814,1,cold_state
1685174969.849,2023-05-27 08:09:29.849,0,71.63,1.8749999988358468,0,7.303569145544994,530052113237,1,cold_state
1685174970.452,2023-05-27 08:09:30.452,0,64.36,0.43750000040746784,0,7.337426710498685,530053256450,1,cold_state
1685174971.057,2023-05-27 08:09:31.057,0,94.87,0.43750000040746784,0,7.337426710498685,530054991518,1,cold_state
1685174971.661,2023-05-27 08:09:31.661,0,87.42,1.4374999998835847,0,7.33512322605799,530056770140,1,cold_state
1685174972.265,2023-05-27 08:09:32.265,0,67.13,1.4374999998835847,0,7.352222637011925,530057907509,1,cold_state
1685174972.869,2023-05-27 08:09:32.869,0,60.26,0.6874999991850785,0,7.352222637011925,530059537548,1,cold_state
1685174973.473,2023-05-27 08:09:33.473,0,75.11,1.0625000009895444,0,7.345409685676751,530060741751,1,cold_state
1685174974.077,2023-05-27 08:09:34.077,0,83.9,1.0625000009895444,0,7.345409685676751,530062446324,1,cold_state
1685174974.68,2023-05-27 08:09:34.680,0,66.75,0.18750000017460877,0,7.322935477694531,530063610896,1,cold_state
1685174975.284,2023-05-27 08:09:35.284,0,67.51,0.18750000017460877,0,7.350894172440308,530065365030,1,cold_state
1685174975.889,2023-05-27 08:09:35.889,0,84.2,1.6249999986030161,0,7.350894172440308,530066559587,1,cold_state
1685174976.492,2023-05-27 08:09:36.492,0,81.31,0.7499999992433146,0,7.351515747606845,530068232441,1,cold_state
1685174977.096,2023-05-27 08:09:37.096,0,62.73,0.7499999992433146,0,7.351515747606845,530069848693,1,cold_state
1685174977.7,2023-05-27 08:09:37.700,0,98.03,1.6874999986612238,0,7.3259702270370335,530071047262,1,cold_state
1685174978.304,2023-05-27 08:09:38.304,0,87.79,1.6874999986612238,0,7.319669161133124,530072811215,1,cold_state
1685174978.91,2023-05-27 08:09:38.910,0,65.85,0.5000000004656329,0,7.319669161133124,530074019962,1,cold_state
1685174979.514,2023-05-27 08:09:39.514,0,67.28,1.3750000012805685,0,7.304982924355155,530075873442,1,cold_state
1685174980.118,2023-05-27 08:09:40.118,0,90.98,1.3750000012805685,0,7.304982924355155,530077039546,1,cold_state
1685174980.723,2023-05-27 08:09:40.723,0,79.45,0,0,7.318706329012412,530078692478,1,cold_state
1685174981.327,2023-05-27 08:09:41.327,0,67.47,1.6875000015716068,0,7.317097546228435,530079878316,1,cold_state
1685174981.931,2023-05-27 08:09:41.931,0,72.15,1.6875000015716068,0,7.317097546228435,530081565494,1,cold_state
1685174982.535,2023-05-27 08:09:42.535,0,90.18,0.9375000008731149,0,7.318499137290233,530083182971,1,cold_state
1685174983.139,2023-05-27 08:09:43.139,0,81.42,0.9375000008731149,0,7.318499137290233,530084334663,1,cold_state
1685174983.744,2023-05-27 08:09:43.744,0,60.59,0.8750000008148788,0,7.316975668744799,530086081629,1,cold_state
1685174984.347,2023-05-27 08:09:44.347,0,64.45,0.6249999991268851,0,7.304653855149342,530087242470,1,cold_state
1685174984.952,2023-05-27 08:09:44.952,0,88.59,0.6249999991268851,0,7.304653855149342,530088896707,1,cold_state
1685174985.556,2023-05-27 08:09:45.556,0,86.7,1.125000001047752,0,7.350942923433762,530090136117,1,cold_state
1685174986.16,2023-05-27 08:09:46.160,0,65.67,1.125000001047752,0,7.350942923433762,530091796835,1,cold_state
1685174986.765,2023-05-27 08:09:46.765,0,92.97,0.6250000005820624,0,7.360510305899077,530093541465,1,cold_state
1685174987.371,2023-05-27 08:09:47.371,0,90.24,1.6875000001164153,0,7.364946646303376,530094721335,1,cold_state
1685174987.976,2023-05-27 08:09:47.976,0,64.72,1.6875000001164153,0,7.364946646303376,530096527308,1,cold_state
1685174988.58,2023-05-27 08:09:48.580,0,66.52,0.7499999992433004,0,7.364800393323015,530097687715,1,cold_state
1685174989.187,2023-05-27 08:09:49.187,0,99.64,0.7499999992433004,0,7.364800393323015,530099506863,1,cold_state
1685174989.792,2023-05-27 08:09:49.792,0,83.17,1.573339941169749,0,7.3686273463091405,530100731343,1,cold_state
1685174990.397,2023-05-27 08:09:50.397,0,68.61,0.9207870825203059,0,7.3559520880111435,530102398370,1,cold_state
1685174991.002,2023-05-27 08:09:51.002,0,102.73,0.9207870825203059,0,7.3559520880111435,530103548262,1,cold_state
1685174991.607,2023-05-27 08:09:51.607,0,80.44,0.6250000005820766,0,7.354099550259898,530105231036,1,cold_state
1685174992.211,2023-05-27 08:09:52.211,0,71.6,0.6250000005820766,0,7.354099550259898,530106879229,1,cold_state
1685174992.815,2023-05-27 08:09:52.815,0,60.14,1.062499999534353,0,7.354928317148612,530108034763,1,cold_state
1685174993.419,2023-05-27 08:09:53.419,0,79.9,0.999999999476131,0,7.355744896288964,530109737774,1,cold_state
1685174994.024,2023-05-27 08:09:54.024,0,70.91,0.999999999476131,0,7.355744896288964,530110954112,1,cold_state
1685174994.629,2023-05-27 08:09:54.629,0,56.93,0.12500000011641532,0,7.382813885404209,530112635624,1,cold_state
1685174995.264,2023-05-27 08:09:55.264,0,89.2,0.12500000011641532,0,7.398402015561073,530113789133,1,cold_to_warm_disk_process
1685174995.681,2023-05-27 08:09:55.681,1,102.17,1.437499999883599,0,7.398402015561073,530121881948,1,cold_to_warm_disk_process
1685174996.101,2023-05-27 08:09:56.101,1,88.68,1.437499999883599,0,7.398402015561073,530126145575,1,cold_to_warm_disk_process
1685174996.523,2023-05-27 08:09:56.523,1,65.27,5.124999997497071,0,7.522522044894546,530130928458,1,cold_to_warm_disk_process
1685174996.943,2023-05-27 08:09:56.943,1,58.21,5.124999997497071,0,7.522522044894546,530135415880,1,cold_to_warm_disk_process
1685174997.361,2023-05-27 08:09:57.361,1,93.37,1.125000001047738,0,7.533661646898748,530139645878,1,cold_to_warm_disk_process
1685174997.783,2023-05-27 08:09:57.783,1,84.55,1.125000001047738,0,7.533661646898748,530144420476,1,cold_to_warm_disk_process
1685174998.204,2023-05-27 08:09:58.204,1,70.43,1.125000001047738,0,7.533661646898748,530148929657,1,cold_to_warm_disk_process
1685174998.627,2023-05-27 08:09:58.627,1,65.36,0.5000000004656471,0,7.579073197300999,530153600863,1,cold_to_warm_disk_process
1685174999.066,2023-05-27 08:09:59.066,1,105.74,0.5000000004656471,0,7.579073197300999,530158214371,1,cold_to_warm_disk_process
1685174999.486,2023-05-27 08:09:59.486,1,108.15,3.749999999126885,0,7.596452926467292,530162548617,1,cold_to_warm_disk_process
1685174999.908,2023-05-27 08:09:59.908,1,104.32,3.749999999126885,0,7.596452926467292,530167236304,1,cold_to_warm_disk_process
1685175000.327,2023-05-27 08:10:00.327,1,89.07,9.937500001979046,0,7.441522269270993,530171579251,1,cold_to_warm_disk_process
1685175000.746,2023-05-27 08:10:00.746,1,81.34,9.937500001979046,0,7.441522269270993,530176471124,1,cold_to_warm_disk_process
1685175001.171,2023-05-27 08:10:01.171,1,83.73,9.937500001979046,0,7.441522269270993,530180734576,1,cold_to_warm_disk_process
1685175001.593,2023-05-27 08:10:01.593,1,106.96,6.750000000465661,0,7.4530518792228255,530185203577,1,cold_to_warm_disk_process
1685175002.012,2023-05-27 08:10:02.012,1,113.28,6.750000000465661,0,7.4530518792228255,530189850515,1,cold_to_warm_disk_process
1685175002.431,2023-05-27 08:10:02.431,1,107.41,6.500000000232831,0,7.434124306014374,530194249666,1,cold_to_warm_disk_process
1685175002.852,2023-05-27 08:10:02.852,1,103.96,6.500000000232831,0,7.434124306014374,530198877242,1,cold_to_warm_disk_process
1685175003.272,2023-05-27 08:10:03.272,1,84.57,6.500000000232831,0,7.431430813626048,530203369309,1,cold_to_warm_disk_process
1685175003.691,2023-05-27 08:10:03.691,1,83.04,4.812499998661224,0,7.431430813626048,530207666534,1,cold_to_warm_disk_process
1685175004.115,2023-05-27 08:10:04.115,1,100.83,4.812499998661224,0,7.431430813626048,530212456182,1,cold_to_warm_disk_process
1685175004.533,2023-05-27 08:10:04.533,1,110.29,7.312499999534339,0,7.429492961636258,530216821854,1,cold_to_warm_disk_process
1685175004.955,2023-05-27 08:10:04.955,1,94.52,7.312499999534339,0,7.429492961636258,530221227457,1,cold_to_warm_disk_process
1685175005.376,2023-05-27 08:10:05.376,1,84.1,7.125000002270113,0,7.409931625512906,530225983439,1,cold_to_warm_disk_process
1685175005.794,2023-05-27 08:10:05.794,1,70.0,7.125000002270113,0,7.409931625512906,530230406147,1,cold_to_warm_disk_process
1685175006.215,2023-05-27 08:10:06.215,1,94.51,7.125000002270113,0,7.409931625512906,530235344294,1,cold_to_warm_disk_process
1685175006.637,2023-05-27 08:10:06.637,1,102.69,10.812499995517996,0,7.353124530390821,530239726902,1,cold_to_warm_disk_process
1685175007.056,2023-05-27 08:10:07.056,1,93.17,10.812499995517996,0,7.353124530390821,530244084656,1,cold_to_warm_disk_process
1685175007.481,2023-05-27 08:10:07.481,1,92.72,14.874999999301522,0,7.396573853306554,530248788827,1,cold_to_warm_disk_process
1685175007.903,2023-05-27 08:10:07.903,1,93.79,14.874999999301522,0,7.396573853306554,530253391711,1,cold_to_warm_disk_process
1685175008.324,2023-05-27 08:10:08.324,1,119.51,13.437500002328292,0,7.434416811975096,530258265995,1,cold_to_warm_disk_process
1685175008.746,2023-05-27 08:10:08.746,1,113.62,13.437500002328292,0,7.434416811975096,530262641828,1,cold_to_warm_disk_process
1685175009.165,2023-05-27 08:10:09.165,1,94.7,13.437500002328292,0,7.434416811975096,530267046890,1,cold_to_warm_disk_process
1685175009.585,2023-05-27 08:10:09.585,1,91.11,15.187500003958135,0,7.415574553005189,530271746223,1,cold_to_warm_disk_process
1685175010.005,2023-05-27 08:10:10.005,1,102.87,15.187500003958135,0,7.415574553005189,530276328672,1,cold_to_warm_disk_process
1685175010.423,2023-05-27 08:10:10.423,1,114.79,12.187499996798579,0,7.424727552026146,530280947981,1,cold_to_warm_disk_process
1685175010.842,2023-05-27 08:10:10.842,1,109.88,12.187499996798579,0,7.424727552026146,530285212538,1,cold_to_warm_disk_process
1685175011.265,2023-05-27 08:10:11.265,1,103.3,12.187499996798579,0,7.428847010972996,530289773164,1,cold_to_warm_disk_process
1685175011.686,2023-05-27 08:10:11.686,1,91.57,10.187500000756685,0,7.428847010972996,530294575096,1,cold_to_warm_disk_process
1685175012.108,2023-05-27 08:10:12.108,1,95.05,10.187500000756685,0,7.428847010972996,530298951924,1,cold_to_warm_disk_process
1685175012.526,2023-05-27 08:10:12.526,1,101.14,12.750000000232845,0,7.436939675886332,530303571985,1,cold_to_warm_disk_process
1685175012.947,2023-05-27 08:10:12.947,1,92.28,12.750000000232845,0,7.436939675886332,530308082667,1,cold_to_warm_disk_process
